# Blender 5.1.0 Alpha
# www.blender.org
mtllib thegirl.mtl
o body.001
v 0.000000 17.643536 0.821167
v 1.899961 17.615129 -0.775966
v 0.000000 19.676857 -0.040793
v 1.158521 19.497910 -0.781735
v -0.000000 16.180122 -0.206896
v -0.000000 18.390804 0.255368
v 1.719182 18.707619 -0.797840
v 0.953679 17.615129 0.004373
v 0.515289 16.369404 -0.535178
v 0.863289 18.468874 -0.122018
v 0.805275 19.654848 -0.397759
v 0.000000 16.762699 0.307136
v 1.417824 16.856108 -0.801486
v 0.698028 16.807629 -0.265403
v 0.000000 19.932007 -1.142287
v -0.000000 19.519545 -2.286450
v 0.000000 17.615129 -2.980045
v 1.724144 17.615129 -1.949759
v 1.543365 18.707619 -1.852857
v 1.242008 16.856110 -1.611962
v 1.071721 17.615129 -2.788183
v 0.890942 18.707619 -2.740189
v 0.589584 16.856110 -2.275714
v 0.000000 18.707619 -2.932050
v 0.000000 16.856110 -2.467576
v 0.778614 19.609802 -1.561941
v 0.771386 16.369184 -1.632400
v 0.421399 16.369184 -2.173529
v -0.000000 16.369184 -2.305388
v 0.591534 16.385712 -1.070403
v 0.999394 16.630348 -0.958340
v 0.000000 16.313498 -0.891666
v 0.753208 15.597412 -1.600782
v 0.394338 15.597412 -2.155646
v 0.000000 15.597412 -2.290851
v 0.568792 15.614359 -1.024521
v 0.000000 15.540312 -0.841247
v 1.588154 15.475554 -1.642335
v 0.689694 15.282648 -2.369355
v 0.000000 15.282648 -2.552721
v 0.847440 15.309958 -0.814654
v -0.000000 15.190629 -0.519306
v 1.667719 14.797823 -2.284139
v 1.667719 14.349203 -1.295525
v 1.667719 14.798828 -1.069072
v 1.667719 15.292795 -1.257661
v 1.667719 15.273863 -2.090663
v 1.667719 14.178816 -1.730958
v 1.667719 14.368135 -2.052800
v 0.847440 14.250000 -0.270663
v 0.000000 14.130672 -0.097208
v 0.840432 14.412137 -2.499378
v -0.000000 14.412137 -2.732727
v 1.482074 12.996021 -1.385163
v 1.482074 13.010164 -1.950851
v 0.751251 12.839319 -0.790691
v 0.000000 12.732794 -0.527030
v 0.744996 12.984060 -2.404141
v -0.000000 12.984060 -2.612454
v 1.332070 11.858465 -1.348390
v 1.332070 11.871054 -1.851884
v 0.681597 11.718991 -0.902471
v 0.000000 11.624177 -0.667798
v 0.676029 11.847819 -2.255338
v 0.000000 11.847819 -2.440748
v 1.485162 10.975677 -1.549415
v 1.510257 10.990557 -2.295935
v 0.716183 10.810792 -0.901396
v 0.000000 10.673676 -0.577943
v 0.909826 10.947161 -2.854692
v -0.000000 10.937660 -3.044752
v 4.261873 15.422901 -1.651017
v 4.322011 14.910645 -2.136117
v 4.322011 14.571561 -1.388884
v 4.322011 14.911405 -1.217722
v 4.322011 15.284764 -1.360266
v 4.322011 15.270455 -1.989881
v 4.322011 14.442776 -1.718002
v 4.322011 14.585871 -1.961263
v 4.857546 15.392186 -1.686228
v 4.913973 14.911533 -2.087932
v 4.913974 14.593369 -1.469159
v 4.913973 14.912247 -1.327421
v 4.913974 15.262572 -1.445460
v 4.913974 15.249146 -1.966836
v 4.913974 14.472528 -1.741697
v 4.913974 14.606795 -1.943137
v 7.036329 15.278080 -1.717606
v 7.046548 14.914835 -1.950058
v 7.046548 14.674386 -1.591995
v 7.046548 14.915373 -1.509976
v 7.046548 15.180126 -1.578282
v 7.046548 15.169979 -1.879985
v 7.046548 14.583063 -1.749704
v 7.046548 14.684532 -1.866271
v -0.000000 10.013557 -0.855037
v -0.000000 9.853565 -1.654999
v -0.000000 10.086281 -2.542229
v 0.318282 9.814950 -3.115528
v 1.242287 9.802599 -2.811431
v 1.852948 9.795650 -1.979881
v 1.191884 9.806843 -0.969520
v 0.340292 9.818806 -0.871734
v 0.230387 6.806125 -1.771197
v 0.557809 6.800573 -2.374084
v 1.255564 6.791625 -2.368715
v 1.533746 6.786592 -1.791996
v 1.233450 6.794701 -1.152905
v 0.702900 6.803368 -1.106407
v 0.230387 6.240599 -1.712398
v 0.557808 6.235047 -2.264222
v 1.255564 6.226099 -2.259308
v 1.533746 6.221066 -1.731435
v 1.233450 6.229174 -1.146473
v 0.702900 6.237842 -1.103913
v 0.230388 5.740832 -1.695206
v 0.557809 5.735280 -2.247030
v 1.255564 5.726332 -2.242116
v 1.533746 5.721299 -1.714243
v 1.233450 5.729407 -1.129282
v 0.702900 5.738074 -1.086721
v 0.230388 5.185361 -1.778006
v 0.557809 5.179810 -2.348237
v 1.255564 5.170862 -2.343159
v 1.533746 5.165828 -1.797678
v 1.233450 5.173936 -1.193204
v 0.702900 5.182604 -1.149224
v 0.477392 1.071596 -1.830098
v 0.687363 1.067127 -2.195781
v 1.134826 1.059925 -2.192525
v 1.313221 1.055873 -1.842714
v 1.120645 1.062400 -1.455071
v 0.780409 1.069377 -1.426867
v 0.390166 0.791423 -1.786015
v 0.641613 0.786071 -2.322123
v 1.177463 0.777447 -2.317349
v 1.391096 0.772593 -1.804511
v 1.160480 0.780410 -1.236209
v 0.753038 0.788765 -1.194860
v 0.257364 0.453048 -1.753300
v 0.571958 0.446351 -2.492090
v 1.242377 0.435561 -2.484833
v 1.509661 0.429489 -1.781420
v 1.363999 0.439268 -0.273693
v 0.601618 0.449722 -0.153820
v 0.588434 0.155365 -0.083367
v 1.383188 0.144351 -0.206605
v 1.259682 0.140446 -2.538316
v 0.553390 0.151814 -2.545961
v 0.596253 -0.036481 -0.023706
v 1.371807 -0.047163 -0.149512
v 1.463045 -0.057155 -1.933782
v 1.249419 -0.050951 -2.573289
v 0.564402 -0.039926 -2.581232
v 0.302436 -0.033084 -1.903008
v 1.439199 -0.054331 -1.650937
v 0.386948 -0.034139 -1.561262
v 1.463045 0.113434 -1.933782
v 0.302436 0.137505 -1.903008
v 1.439199 0.116258 -1.650937
v 0.386948 0.136450 -1.561262
v 0.678904 5.204230 -1.082498
v 1.268374 5.194542 -1.131363
v 1.602021 5.185479 -1.802968
v 1.292945 5.191105 -2.409029
v 0.517698 5.201107 -2.414670
v 0.153915 5.207312 -1.781111
v 8.726215 14.445526 -1.480030
v 8.958143 14.445526 -1.480030
v 8.726215 14.571066 -1.560736
v 8.958143 14.571066 -1.560736
v 8.726215 14.490359 -1.686277
v 8.958143 14.490360 -1.686277
v 8.726215 14.364820 -1.605571
v 8.958143 14.364819 -1.605571
v 9.194008 14.571497 -1.560067
v 9.194008 14.445956 -1.479360
v 9.145622 14.497042 -1.675884
v 9.145622 14.371500 -1.595178
v 8.524988 14.448147 -1.475954
v 8.524989 14.573687 -1.556660
v 8.514896 14.493242 -1.681793
v 8.514896 14.367702 -1.601087
v 8.831934 14.589756 -1.627250
v 9.121378 14.589755 -1.627250
v 8.831932 14.764715 -1.691132
v 9.121378 14.764715 -1.691131
v 8.831933 14.700833 -1.866091
v 9.121378 14.700832 -1.866091
v 8.831934 14.525873 -1.802210
v 9.121380 14.525873 -1.802209
v 9.415739 14.765057 -1.690198
v 9.415739 14.590096 -1.626315
v 9.355352 14.706121 -1.851607
v 9.355352 14.531162 -1.787726
v 8.580803 14.591830 -1.621569
v 8.580802 14.766790 -1.685450
v 8.568207 14.703115 -1.859843
v 8.568207 14.528154 -1.795961
v 8.776615 15.012406 -1.771016
v 9.066063 15.012407 -1.771016
v 8.776617 15.197989 -1.786864
v 9.066063 15.197988 -1.786864
v 8.776616 15.182140 -1.972447
v 9.066063 15.182140 -1.972447
v 8.776616 14.996557 -1.956598
v 9.066061 14.996557 -1.956598
v 9.360422 15.198072 -1.785874
v 9.360422 15.012491 -1.770025
v 9.300035 15.183453 -1.957083
v 9.300035 14.997869 -1.941234
v 8.525486 15.012920 -1.764990
v 8.525485 15.198503 -1.780838
v 8.512891 15.182707 -1.965818
v 8.512890 14.997124 -1.949970
v 8.344568 15.330414 -1.620328
v 8.634015 15.330414 -1.620328
v 8.344568 15.449324 -1.476967
v 8.634014 15.449324 -1.476967
v 8.344568 15.592685 -1.595876
v 8.634012 15.592685 -1.595876
v 8.344568 15.473775 -1.739237
v 8.634014 15.473775 -1.739238
v 8.928373 15.448559 -1.476332
v 8.928373 15.329648 -1.619692
v 8.867987 15.580816 -1.586032
v 8.867989 15.461906 -1.729393
v 8.902803 14.782713 -1.711644
v 9.192249 14.782712 -1.711644
v 8.902803 14.963369 -1.756977
v 9.192249 14.963368 -1.756977
v 8.902803 14.918036 -1.937634
v 9.192247 14.918036 -1.937633
v 8.902803 14.737379 -1.892301
v 9.192249 14.737379 -1.892300
v 9.486609 14.963612 -1.756012
v 9.486609 14.782955 -1.710680
v 9.426224 14.921789 -1.922678
v 9.426224 14.741133 -1.877345
v 8.651672 14.784185 -1.705778
v 8.651674 14.964842 -1.751111
v 8.639076 14.919655 -1.931181
v 8.639078 14.738998 -1.885848
v 8.353553 14.442627 -1.473180
v 8.353554 14.570137 -1.555152
v 8.349919 14.766269 -1.685963
v 8.353521 15.016260 -1.766750
v 8.353521 15.204754 -1.782847
v 8.371469 14.462130 -1.707738
v 8.371469 14.367702 -1.601087
v 8.362247 14.703115 -1.859843
v 8.371817 15.182706 -1.965818
v 8.371817 14.997124 -1.949970
v 8.361459 14.528154 -1.795961
v 8.239834 15.249993 -1.755825
v 8.243813 15.321518 -1.908689
v 8.028368 15.406251 -1.498270
v 8.028368 15.549610 -1.617179
v 8.071159 14.473743 -1.496093
v 8.071157 14.591331 -1.571686
v 8.067807 14.772201 -1.692317
v 8.071129 15.002739 -1.766818
v 8.083065 14.536519 -1.741114
v 8.087681 14.404650 -1.614047
v 8.079176 14.713962 -1.852666
v 8.088001 15.156232 -1.950395
v 8.088001 14.985091 -1.935780
v 8.077855 15.199915 -1.780808
v 8.072826 15.315376 -1.651521
v 8.064049 15.442738 -1.766575
v 7.704184 15.351982 -1.484652
v 7.704184 15.470949 -1.597441
v 7.698209 14.550886 -1.515451
v 7.698209 14.654852 -1.537051
v 7.698677 14.824991 -1.628886
v 7.698213 15.004955 -1.694297
v 7.696547 14.596161 -1.756080
v 7.695902 14.487354 -1.634800
v 7.697090 14.744669 -1.860372
v 7.695858 15.121197 -1.941604
v 7.695858 14.974677 -1.933166
v 7.697274 15.158937 -1.686759
v 7.697976 15.274102 -1.590590
v 7.699202 15.373848 -1.749287
v 7.410798 15.166664 -1.555903
v 7.408937 14.745260 -1.553189
v 7.408442 14.949934 -1.542461
v 7.407370 14.609271 -1.679016
v 7.407981 14.769538 -1.855078
v 7.407111 15.009068 -1.937288
v 7.409473 15.266485 -1.736497
v -1.899961 17.615129 -0.775966
v -1.158521 19.497910 -0.781735
v -1.719182 18.707619 -0.797840
v -0.953679 17.615129 0.004373
v -0.515289 16.369404 -0.535178
v -0.863289 18.468874 -0.122018
v -0.805275 19.654848 -0.397759
v -1.417825 16.856108 -0.801486
v -0.698028 16.807629 -0.265403
v -1.724144 17.615129 -1.949759
v -1.543365 18.707619 -1.852857
v -1.242008 16.856110 -1.611962
v -1.071721 17.615129 -2.788183
v -0.890942 18.707619 -2.740189
v -0.589584 16.856110 -2.275715
v -0.778614 19.609802 -1.561941
v -0.771386 16.369184 -1.632400
v -0.421399 16.369184 -2.173529
v -0.591534 16.385712 -1.070403
v -0.999393 16.630348 -0.958340
v -0.753208 15.597412 -1.600782
v -0.394338 15.597412 -2.155646
v -0.568792 15.614359 -1.024521
v -1.588154 15.475554 -1.642335
v -0.689694 15.282648 -2.369355
v -0.847440 15.309958 -0.814654
v -1.667719 14.797823 -2.284139
v -1.667719 14.349203 -1.295525
v -1.667719 14.798828 -1.069072
v -1.667719 15.292795 -1.257661
v -1.667719 15.273863 -2.090663
v -1.667719 14.178816 -1.730958
v -1.667719 14.368135 -2.052800
v -0.847440 14.250000 -0.270663
v -0.840432 14.412137 -2.499378
v -1.482074 12.996021 -1.385163
v -1.482074 13.010163 -1.950851
v -0.751252 12.839319 -0.790691
v -0.744996 12.984060 -2.404141
v -1.332070 11.858465 -1.348390
v -1.332070 11.871053 -1.851884
v -0.681597 11.718991 -0.902471
v -0.676029 11.847819 -2.255338
v -1.485162 10.975677 -1.549415
v -1.510257 10.990557 -2.295935
v -0.716183 10.810792 -0.901396
v -0.909826 10.947161 -2.854693
v -4.261873 15.422900 -1.651017
v -4.322011 14.910645 -2.136117
v -4.322011 14.571560 -1.388884
v -4.322012 14.911404 -1.217722
v -4.322012 15.284763 -1.360265
v -4.322011 15.270455 -1.989882
v -4.322011 14.442776 -1.718002
v -4.322011 14.585871 -1.961263
v -4.857546 15.392186 -1.686227
v -4.913974 14.911533 -2.087932
v -4.913974 14.593369 -1.469159
v -4.913973 14.912247 -1.327421
v -4.913974 15.262572 -1.445460
v -4.913974 15.249146 -1.966836
v -4.913975 14.472528 -1.741697
v -4.913974 14.606795 -1.943137
v -7.036328 15.278080 -1.717605
v -7.046548 14.914835 -1.950058
v -7.046548 14.674386 -1.591995
v -7.046548 14.915373 -1.509976
v -7.046548 15.180126 -1.578282
v -7.046548 15.169979 -1.879984
v -7.046548 14.583063 -1.749704
v -7.046548 14.684532 -1.866271
v -0.318282 9.814950 -3.115528
v -1.242287 9.802599 -2.811431
v -1.852948 9.795650 -1.979881
v -1.191884 9.806843 -0.969520
v -0.340292 9.818806 -0.871734
v -0.230387 6.806125 -1.771197
v -0.557809 6.800573 -2.374084
v -1.255564 6.791625 -2.368715
v -1.533746 6.786592 -1.791996
v -1.233450 6.794700 -1.152905
v -0.702900 6.803368 -1.106407
v -0.230387 6.240599 -1.712398
v -0.557809 6.235047 -2.264222
v -1.255564 6.226099 -2.259308
v -1.533746 6.221066 -1.731435
v -1.233450 6.229174 -1.146474
v -0.702901 6.237842 -1.103913
v -0.230387 5.740832 -1.695206
v -0.557809 5.735280 -2.247030
v -1.255564 5.726332 -2.242116
v -1.533746 5.721299 -1.714244
v -1.233450 5.729407 -1.129282
v -0.702901 5.738074 -1.086721
v -0.230388 5.185361 -1.778006
v -0.557809 5.179810 -2.348237
v -1.255564 5.170862 -2.343159
v -1.533746 5.165828 -1.797678
v -1.233450 5.173936 -1.193204
v -0.702901 5.182604 -1.149224
v -0.477392 1.071596 -1.830099
v -0.687363 1.067127 -2.195781
v -1.134826 1.059925 -2.192525
v -1.313221 1.055873 -1.842714
v -1.120645 1.062400 -1.455071
v -0.780409 1.069377 -1.426867
v -0.390166 0.791423 -1.786015
v -0.641613 0.786071 -2.322123
v -1.177463 0.777447 -2.317349
v -1.391096 0.772593 -1.804511
v -1.160480 0.780410 -1.236209
v -0.753038 0.788765 -1.194860
v -0.257364 0.453048 -1.753300
v -0.571958 0.446351 -2.492090
v -1.242378 0.435561 -2.484833
v -1.509661 0.429489 -1.781420
v -1.363999 0.439268 -0.273693
v -0.601618 0.449722 -0.153820
v -0.588434 0.155365 -0.083367
v -1.383188 0.144351 -0.206605
v -1.259682 0.140446 -2.538315
v -0.553390 0.151814 -2.545961
v -0.596253 -0.036481 -0.023706
v -1.371808 -0.047163 -0.149512
v -1.463046 -0.057155 -1.933782
v -1.249419 -0.050951 -2.573289
v -0.564402 -0.039926 -2.581232
v -0.302436 -0.033084 -1.903008
v -1.439199 -0.054331 -1.650937
v -0.386948 -0.034139 -1.561262
v -1.463045 0.113434 -1.933782
v -0.302436 0.137505 -1.903008
v -1.439199 0.116258 -1.650937
v -0.386948 0.136450 -1.561262
v -0.678904 5.204230 -1.082498
v -1.268374 5.194542 -1.131363
v -1.602021 5.185479 -1.802968
v -1.292945 5.191105 -2.409029
v -0.517698 5.201107 -2.414670
v -0.153915 5.207312 -1.781111
v -8.726215 14.445526 -1.480030
v -8.958143 14.445526 -1.480030
v -8.726215 14.571066 -1.560737
v -8.958143 14.571066 -1.560736
v -8.726215 14.490359 -1.686277
v -8.958143 14.490360 -1.686277
v -8.726215 14.364820 -1.605571
v -8.958143 14.364819 -1.605571
v -9.194008 14.571497 -1.560066
v -9.194008 14.445956 -1.479359
v -9.145620 14.497042 -1.675885
v -9.145622 14.371500 -1.595178
v -8.524988 14.448147 -1.475954
v -8.524988 14.573687 -1.556659
v -8.514896 14.493242 -1.681793
v -8.514896 14.367702 -1.601088
v -8.831932 14.589756 -1.627250
v -9.121378 14.589755 -1.627250
v -8.831932 14.764715 -1.691132
v -9.121378 14.764715 -1.691131
v -8.831932 14.700833 -1.866091
v -9.121378 14.700832 -1.866091
v -8.831934 14.525873 -1.802210
v -9.121380 14.525873 -1.802210
v -9.415739 14.765057 -1.690197
v -9.415739 14.590096 -1.626315
v -9.355352 14.706121 -1.851608
v -9.355352 14.531162 -1.787725
v -8.580803 14.591830 -1.621569
v -8.580803 14.766790 -1.685451
v -8.568207 14.703115 -1.859843
v -8.568207 14.528154 -1.795961
v -8.776615 15.012406 -1.771016
v -9.066063 15.012407 -1.771016
v -8.776617 15.197989 -1.786864
v -9.066063 15.197988 -1.786864
v -8.776617 15.182140 -1.972447
v -9.066063 15.182140 -1.972447
v -8.776615 14.996557 -1.956598
v -9.066061 14.996557 -1.956599
v -9.360422 15.198072 -1.785874
v -9.360422 15.012491 -1.770026
v -9.300035 15.183453 -1.957083
v -9.300035 14.997869 -1.941235
v -8.525486 15.012920 -1.764990
v -8.525484 15.198503 -1.780838
v -8.512890 15.182707 -1.965818
v -8.512890 14.997124 -1.949970
v -8.344568 15.330414 -1.620328
v -8.634014 15.330414 -1.620327
v -8.344568 15.449324 -1.476967
v -8.634014 15.449324 -1.476967
v -8.344568 15.592685 -1.595876
v -8.634012 15.592685 -1.595876
v -8.344568 15.473775 -1.739237
v -8.634014 15.473775 -1.739237
v -8.928373 15.448559 -1.476332
v -8.928373 15.329648 -1.619693
v -8.867987 15.580816 -1.586033
v -8.867989 15.461906 -1.729394
v -8.902803 14.782713 -1.711644
v -9.192249 14.782712 -1.711644
v -8.902803 14.963369 -1.756977
v -9.192249 14.963368 -1.756977
v -8.902803 14.918036 -1.937633
v -9.192247 14.918036 -1.937634
v -8.902803 14.737379 -1.892300
v -9.192249 14.737379 -1.892300
v -9.486607 14.963612 -1.756012
v -9.486609 14.782955 -1.710680
v -9.426224 14.921789 -1.922677
v -9.426224 14.741133 -1.877345
v -8.651674 14.784185 -1.705778
v -8.651674 14.964842 -1.751111
v -8.639076 14.919655 -1.931181
v -8.639078 14.738998 -1.885849
v -8.353552 14.442627 -1.473181
v -8.353554 14.570137 -1.555152
v -8.349920 14.766269 -1.685963
v -8.353521 15.016260 -1.766751
v -8.353521 15.204754 -1.782847
v -8.371469 14.462130 -1.707738
v -8.371469 14.367702 -1.601087
v -8.362247 14.703115 -1.859843
v -8.371817 15.182706 -1.965818
v -8.371817 14.997124 -1.949970
v -8.361460 14.528154 -1.795961
v -8.239832 15.249993 -1.755825
v -8.243813 15.321518 -1.908690
v -8.028368 15.406251 -1.498270
v -8.028368 15.549610 -1.617180
v -8.071159 14.473743 -1.496093
v -8.071157 14.591331 -1.571686
v -8.067808 14.772201 -1.692317
v -8.071129 15.002739 -1.766819
v -8.083065 14.536519 -1.741114
v -8.087681 14.404650 -1.614047
v -8.079176 14.713962 -1.852666
v -8.087999 15.156232 -1.950395
v -8.088001 14.985091 -1.935780
v -8.077856 15.199915 -1.780808
v -8.072826 15.315376 -1.651521
v -8.064049 15.442738 -1.766575
v -7.704184 15.351982 -1.484652
v -7.704183 15.470949 -1.597441
v -7.698209 14.550886 -1.515451
v -7.698208 14.654852 -1.537051
v -7.698677 14.824991 -1.628886
v -7.698213 15.004955 -1.694297
v -7.696546 14.596161 -1.756080
v -7.695901 14.487354 -1.634800
v -7.697090 14.744669 -1.860372
v -7.695858 15.121197 -1.941604
v -7.695858 14.974677 -1.933166
v -7.697274 15.158937 -1.686759
v -7.697976 15.274102 -1.590590
v -7.699202 15.373848 -1.749287
v -7.410798 15.166664 -1.555903
v -7.408937 14.745260 -1.553189
v -7.408443 14.949934 -1.542461
v -7.407370 14.609271 -1.679016
v -7.407981 14.769538 -1.855078
v -7.407110 15.009068 -1.937288
v -7.409473 15.266485 -1.736498
vn 0.4895 0.1864 0.8519
vn 0.8803 0.3579 0.3114
vn 0.4658 0.7137 0.5231
vn 0.5599 -0.4978 0.6624
vn -0.0000 -0.5811 0.8138
vn -0.0000 -0.9132 0.4076
vn 0.4416 -0.8554 0.2709
vn 0.5997 -0.0913 0.7950
vn 0.9268 -0.1776 0.3309
vn -0.0000 0.0528 0.9986
vn -0.0000 0.3520 0.9360
vn 0.6948 -0.6662 0.2710
vn -0.0000 0.6517 0.7585
vn 0.8860 -0.2291 -0.4031
vn 0.8344 0.4121 -0.3660
vn 0.6943 -0.6654 -0.2743
vn 0.5262 -0.2587 -0.8100
vn 0.4823 0.4000 -0.7794
vn 0.4471 -0.5403 -0.7129
vn -0.0000 -0.2769 -0.9609
vn -0.0000 0.3447 -0.9387
vn -0.0000 -0.4754 -0.8798
vn -0.0000 0.8164 -0.5775
vn -0.0000 0.9973 -0.0738
vn 0.4814 0.8285 -0.2860
vn 0.6738 0.7314 0.1049
vn 0.5560 -0.2317 -0.7983
vn -0.0000 -0.1754 -0.9845
vn 0.8859 -0.4038 -0.2282
vn 0.5329 -0.8462 0.0063
vn 0.6819 -0.6349 0.3632
vn -0.0000 -0.7741 0.6331
vn -0.0000 0.4344 0.9007
vn 0.4865 0.5172 0.7042
vn 0.7402 0.6632 -0.1109
vn 0.4566 0.4528 -0.7658
vn -0.0000 0.3715 -0.9284
vn -0.0000 0.5253 0.8509
vn 0.3156 0.6423 0.6985
vn 0.2482 0.5603 -0.7902
vn -0.0000 0.4314 -0.9021
vn 0.1437 0.9895 -0.0155
vn 0.1920 0.7045 0.6832
vn 0.3926 0.0340 0.9191
vn 0.1121 0.7087 -0.6965
vn 0.1972 -0.0276 -0.9800
vn -0.0000 0.0145 0.9999
vn 0.4667 0.0337 0.8838
vn 0.3217 -0.0038 -0.9468
vn -0.0000 0.0559 -0.9984
vn 0.4165 -0.4919 -0.7646
vn 0.5828 -0.5117 0.6313
vn 0.8553 -0.1535 -0.4949
vn 0.3897 -0.1200 -0.9131
vn -0.0000 -0.1156 -0.9933
vn -0.0000 -0.2250 0.9744
vn 0.5096 -0.1899 0.8392
vn 0.9105 -0.1656 0.3788
vn 0.7891 -0.6120 -0.0528
vn 0.9053 0.1138 -0.4092
vn 0.3996 0.2256 -0.8885
vn -0.0000 -0.0274 0.9996
vn 0.4864 -0.0457 0.8726
vn 0.8720 -0.0271 0.4887
vn -0.0000 0.2433 -0.9700
vn 0.8909 0.1560 0.4266
vn 0.8402 0.3160 -0.4408
vn 0.4044 0.3329 -0.8518
vn -0.0000 -0.1821 0.9833
vn 0.4437 0.0172 0.8960
vn -0.0000 0.2899 -0.9571
vn 0.0647 -0.6813 -0.7292
vn 0.0805 -0.9939 -0.0748
vn 0.0404 0.9991 0.0153
vn 0.0407 0.6893 -0.7233
vn 0.1114 -0.0435 0.9928
vn 0.0827 0.6688 0.7388
vn 0.1034 -0.7206 0.6856
vn 0.0616 -0.0469 -0.9970
vn 0.0495 -0.6473 -0.7607
vn 0.0589 -0.9941 -0.0911
vn 0.0631 0.9980 0.0010
vn 0.0537 0.6556 -0.7532
vn 0.1245 -0.0464 0.9911
vn 0.1007 0.6452 0.7573
vn 0.0942 -0.7046 0.7033
vn 0.0621 -0.0490 -0.9969
vn 0.0554 -0.0654 -0.9963
vn 0.1034 -0.5975 -0.7952
vn 0.0461 0.5962 0.8015
vn 0.0665 0.9970 -0.0387
vn 0.0508 0.5941 -0.8028
vn 0.0423 -0.6228 0.7813
vn 0.0473 -0.0362 0.9982
vn 0.0957 -0.9907 -0.0969
vn 0.9992 0.0222 -0.0330
vn 0.5378 0.0155 0.8430
vn -0.2962 -0.2450 0.9231
vn -0.0000 -0.5491 0.8358
vn -0.0000 -0.9443 0.3291
vn 0.5691 -0.0308 -0.8217
vn -0.4104 -0.1701 -0.8959
vn -0.0000 -0.8780 -0.4787
vn 0.5366 -0.1531 -0.8298
vn -0.5009 -0.1726 -0.8481
vn -0.4236 -0.0401 0.9050
vn 0.5590 -0.0191 0.8289
vn 0.9985 -0.0525 -0.0159
vn -0.9951 -0.0758 0.0631
vn 0.5612 0.0241 0.8273
vn 0.9999 -0.0103 0.0047
vn 0.5342 -0.0899 -0.8406
vn -0.5074 -0.0918 -0.8568
vn -0.4088 0.0271 0.9122
vn -0.9972 -0.0098 0.0741
vn -0.3970 -0.0380 0.9170
vn 0.5455 -0.0352 0.8373
vn 0.9998 0.0014 0.0216
vn 0.5375 0.0606 -0.8411
vn -0.5076 0.0611 -0.8594
vn -0.9956 -0.0014 0.0941
vn -0.9999 0.0103 0.0084
vn -0.4150 -0.1087 0.9033
vn 0.5755 -0.0975 0.8119
vn 0.9987 0.0158 -0.0485
vn 0.4971 0.1515 -0.8544
vn -0.4613 0.1546 -0.8737
vn 0.5506 -0.0847 0.8304
vn -0.4088 -0.0857 0.9086
vn -0.4437 0.2828 0.8504
vn 0.6062 0.2615 0.7511
vn 0.5216 -0.0646 -0.8507
vn 0.9976 -0.0698 -0.0017
vn 0.9901 0.1381 -0.0264
vn 0.5486 0.1741 -0.8178
vn -0.9948 -0.0786 0.0649
vn -0.5033 -0.0663 -0.8615
vn -0.5138 0.1768 -0.8395
vn -0.9853 0.1680 0.0310
vn 0.5241 0.4165 -0.7429
vn -0.4880 0.4267 -0.7614
vn -0.3867 0.7898 0.4761
vn 0.5289 0.7389 0.4174
vn 0.9138 0.4025 -0.0545
vn -0.8815 0.4719 -0.0169
vn -0.5229 0.2958 -0.7995
vn -0.9718 0.2337 -0.0321
vn -0.5126 0.4955 0.7013
vn 0.6415 0.5064 0.5763
vn 0.9736 0.2120 -0.0845
vn 0.5537 0.2852 -0.7823
vn -0.9795 -0.1019 0.1738
vn -0.9726 -0.0231 -0.2315
vn 0.9720 -0.0144 -0.2345
vn 0.5986 0.1281 -0.7907
vn -0.6137 0.1452 0.7761
vn -0.5697 0.1328 -0.8110
vn 0.7624 0.1333 0.6332
vn 0.9947 -0.0802 0.0638
vn -0.0166 -0.9999 0.0024
vn 0.5484 0.1208 -0.8275
vn -0.5075 0.1234 -0.8528
vn 0.9482 0.0038 -0.3177
vn 0.0265 -0.0000 0.9996
vn -0.0197 -0.9998 0.0047
vn -0.5068 0.2266 0.8317
vn 0.6745 0.1947 0.7121
vn -0.0190 -0.9998 -0.0002
vn -0.0849 -0.0000 -0.9964
vn 0.1388 0.9644 0.2253
vn -0.1309 0.9661 0.2227
vn -0.1233 0.9661 0.2270
vn 0.1433 0.9643 0.2225
vn -0.2776 0.9606 -0.0105
vn -0.1549 0.9602 -0.2325
vn -0.1387 0.9604 -0.2417
vn -0.2766 0.9610 0.0036
vn 0.1402 0.9556 -0.2592
vn 0.2770 0.9601 -0.0386
vn 0.2762 0.9610 -0.0138
vn 0.1261 0.9561 -0.2644
vn 0.9988 -0.0247 0.0421
vn -0.9908 0.0008 0.1350
vn -0.9322 0.0069 -0.3619
vn 0.0085 -0.2162 0.9763
vn -0.0012 -0.2129 0.9771
vn -0.0012 0.9773 0.2119
vn 0.0085 0.9780 0.2086
vn 0.0235 0.2025 -0.9790
vn -0.0090 0.2086 -0.9780
vn 0.6744 -0.2130 0.7070
vn 0.6744 0.7316 0.0997
vn 0.0235 -0.9747 -0.2222
vn -0.0090 -0.9763 -0.2163
vn 0.4830 -0.8501 -0.2098
vn 0.4830 0.1620 -0.8605
vn 0.0138 -0.2072 0.9782
vn 0.0453 -0.9830 -0.1778
vn 0.3613 -0.6659 -0.6527
vn 0.2430 0.6388 0.7300
vn 0.0085 -0.4252 0.9051
vn -0.0012 -0.4222 0.9065
vn -0.0012 0.9070 0.4212
vn 0.0085 0.9083 0.4182
vn 0.0235 0.4125 -0.9107
vn -0.0090 0.4181 -0.9084
vn 0.6744 -0.3630 0.6430
vn 0.6744 0.6919 0.2579
vn 0.0235 -0.9022 -0.4307
vn -0.0090 -0.9050 -0.4253
vn 0.4830 -0.7833 -0.3913
vn 0.4830 0.3469 -0.8040
vn 0.5726 -0.3526 0.7402
vn 0.1353 -0.8235 -0.5509
vn 0.0889 -0.3146 -0.9451
vn 0.1643 0.4114 0.8965
vn 0.0085 -0.6473 0.7622
vn -0.0012 -0.6448 0.7644
vn -0.0012 0.7651 0.6440
vn 0.0085 0.7672 0.6414
vn 0.0235 0.6365 -0.7709
vn -0.0090 0.6413 -0.7672
vn 0.6744 -0.5186 0.5256
vn 0.6744 0.6002 0.4300
vn 0.0235 -0.7580 -0.6518
vn -0.0090 -0.7621 -0.6474
vn 0.4830 -0.6536 -0.5827
vn 0.4830 0.5453 -0.6851
vn 0.1517 0.1708 0.9736
vn 0.0910 -0.2191 -0.9715
vn -0.0013 0.6441 -0.7650
vn 0.0124 0.7601 0.6497
vn 0.2641 -0.9499 0.1674
vn -0.0012 -0.9956 -0.0934
vn -0.0012 -0.0923 0.9957
vn -0.0426 -0.0792 0.9959
vn 0.0235 0.9963 0.0828
vn -0.0638 0.9919 0.1103
vn 0.6744 -0.7276 -0.1260
vn 0.6744 -0.0106 0.7383
vn 0.0235 0.1028 -0.9944
vn 0.2548 0.3532 -0.9002
vn 0.4830 0.1056 -0.8692
vn 0.4830 0.8738 0.0569
vn 0.0085 -0.5171 0.8559
vn -0.0012 -0.5142 0.8577
vn -0.0012 0.8582 0.5133
vn 0.0085 0.8599 0.5104
vn 0.0235 0.5050 -0.8628
vn -0.0090 0.5103 -0.8599
vn 0.6744 -0.4279 0.6018
vn 0.6744 0.6613 0.3285
vn 0.0235 -0.8525 -0.5222
vn -0.0090 -0.8559 -0.5171
vn 0.4830 -0.7384 -0.4707
vn 0.4830 0.4287 -0.7635
vn 0.1867 -0.4559 0.8702
vn 0.0748 -0.7967 -0.5997
vn 0.1072 0.4102 -0.9057
vn 0.1823 0.8001 0.5715
vn -0.0058 0.5476 0.8367
vn -0.0510 -0.2554 0.9655
vn 0.2567 0.6137 0.7467
vn -0.0064 0.1933 0.9811
vn -0.0073 0.4365 0.8997
vn -0.0378 -0.3446 -0.9380
vn -0.0204 -0.1882 -0.9819
vn 0.1275 0.5413 -0.8311
vn -0.0133 -0.9917 -0.1281
vn 0.0128 -0.7782 -0.6278
vn -0.0394 -0.6514 -0.7577
vn 0.3024 0.5945 -0.7451
vn 0.5693 -0.5450 0.6155
vn -0.1686 0.9820 0.0846
vn -0.0075 -0.1229 0.9924
vn 0.1002 0.1815 0.9783
vn 0.0917 0.4278 0.8992
vn -0.0992 -0.2922 0.9512
vn -0.1591 -0.9788 -0.1291
vn -0.0898 -0.6272 -0.7737
vn -0.0479 -0.4024 -0.9142
vn 0.0658 0.5029 0.8618
vn -0.0236 -0.1884 -0.9818
vn -0.0974 0.2169 -0.9713
vn 0.1248 -0.3711 0.9202
vn 0.1123 -0.7833 0.6115
vn -0.1259 0.7093 -0.6936
vn -0.3020 -0.9500 -0.0787
vn -0.1213 -0.6640 -0.7379
vn -0.3177 0.7646 -0.5608
vn -0.3780 0.8996 0.2187
vn -0.0105 -0.1924 -0.9813
vn -0.1081 0.3036 -0.9466
vn -0.0576 -0.4658 -0.8830
vn -0.1168 -0.0425 0.9922
vn -0.1986 -0.3430 0.9181
vn 0.0965 0.3897 0.9159
vn 0.3287 -0.2649 0.9065
vn 0.3095 0.1044 0.9451
vn 0.2942 -0.6639 0.6876
vn 0.2208 0.3436 0.9128
vn -0.1628 -0.9854 -0.0501
vn -0.2364 0.9197 -0.3134
vn 0.0228 0.3958 0.9181
vn -0.0218 0.1491 -0.9886
vn 0.0307 -0.5135 -0.8575
vn -0.0006 -0.3061 0.9520
vn 0.1979 -0.0041 0.9802
vn -0.4895 0.1864 0.8519
vn -0.4658 0.7137 0.5231
vn -0.8803 0.3579 0.3114
vn -0.5599 -0.4978 0.6624
vn -0.4416 -0.8554 0.2709
vn -0.5997 -0.0913 0.7950
vn -0.9268 -0.1776 0.3309
vn -0.6948 -0.6662 0.2710
vn -0.8344 0.4121 -0.3660
vn -0.8860 -0.2291 -0.4031
vn -0.6943 -0.6654 -0.2743
vn -0.4823 0.4000 -0.7794
vn -0.5262 -0.2587 -0.8100
vn -0.4471 -0.5403 -0.7129
vn -0.4814 0.8285 -0.2860
vn -0.6738 0.7314 0.1049
vn -0.5560 -0.2317 -0.7983
vn -0.8859 -0.4038 -0.2282
vn -0.5329 -0.8462 0.0063
vn -0.6819 -0.6349 0.3632
vn -0.4865 0.5172 0.7042
vn -0.7402 0.6632 -0.1109
vn -0.4566 0.4528 -0.7658
vn -0.3156 0.6423 0.6985
vn -0.2482 0.5603 -0.7902
vn -0.1437 0.9895 -0.0155
vn -0.1920 0.7045 0.6832
vn -0.3926 0.0340 0.9191
vn -0.1121 0.7087 -0.6965
vn -0.1972 -0.0276 -0.9800
vn -0.4667 0.0337 0.8838
vn -0.3217 -0.0038 -0.9468
vn -0.4165 -0.4919 -0.7646
vn -0.5828 -0.5117 0.6313
vn -0.3897 -0.1200 -0.9131
vn -0.8553 -0.1535 -0.4949
vn -0.5096 -0.1899 0.8392
vn -0.9105 -0.1656 0.3788
vn -0.7891 -0.6120 -0.0528
vn -0.3996 0.2256 -0.8885
vn -0.9053 0.1138 -0.4092
vn -0.4864 -0.0457 0.8726
vn -0.8720 -0.0271 0.4887
vn -0.8402 0.3160 -0.4408
vn -0.8909 0.1560 0.4266
vn -0.4044 0.3329 -0.8518
vn -0.4437 0.0172 0.8960
vn -0.0805 -0.9939 -0.0748
vn -0.0647 -0.6813 -0.7292
vn -0.0407 0.6893 -0.7233
vn -0.0404 0.9991 0.0153
vn -0.0827 0.6688 0.7388
vn -0.1114 -0.0435 0.9928
vn -0.1034 -0.7206 0.6856
vn -0.0616 -0.0469 -0.9970
vn -0.0589 -0.9941 -0.0911
vn -0.0495 -0.6473 -0.7607
vn -0.0537 0.6556 -0.7532
vn -0.0631 0.9980 0.0010
vn -0.1007 0.6452 0.7573
vn -0.1245 -0.0464 0.9911
vn -0.0942 -0.7046 0.7033
vn -0.0621 -0.0490 -0.9969
vn -0.1034 -0.5975 -0.7952
vn -0.0554 -0.0654 -0.9963
vn -0.0665 0.9970 -0.0387
vn -0.0461 0.5962 0.8015
vn -0.0508 0.5941 -0.8028
vn -0.0473 -0.0362 0.9982
vn -0.0423 -0.6228 0.7813
vn -0.0957 -0.9907 -0.0969
vn -0.9992 0.0222 -0.0330
vn -0.5378 0.0155 0.8430
vn 0.2962 -0.2450 0.9231
vn -0.5691 -0.0308 -0.8217
vn 0.4104 -0.1701 -0.8959
vn 0.5009 -0.1726 -0.8481
vn -0.5366 -0.1531 -0.8298
vn -0.5590 -0.0191 0.8289
vn 0.4236 -0.0401 0.9050
vn -0.9985 -0.0525 -0.0159
vn 0.9951 -0.0758 0.0631
vn -0.9999 -0.0103 0.0047
vn -0.5612 0.0241 0.8273
vn 0.5074 -0.0918 -0.8568
vn -0.5342 -0.0899 -0.8406
vn 0.4088 0.0271 0.9122
vn 0.9972 -0.0098 0.0741
vn -0.5455 -0.0352 0.8373
vn 0.3970 -0.0380 0.9170
vn -0.5375 0.0606 -0.8411
vn -0.9998 0.0014 0.0216
vn 0.9956 -0.0014 0.0941
vn 0.5076 0.0611 -0.8594
vn 0.4150 -0.1087 0.9033
vn 0.9999 0.0103 0.0084
vn -0.9987 0.0158 -0.0485
vn -0.5755 -0.0975 0.8119
vn 0.4613 0.1546 -0.8737
vn -0.4971 0.1515 -0.8544
vn -0.5506 -0.0847 0.8304
vn -0.6062 0.2615 0.7511
vn 0.4437 0.2828 0.8504
vn 0.4088 -0.0857 0.9086
vn -0.5216 -0.0646 -0.8507
vn -0.5486 0.1741 -0.8178
vn -0.9901 0.1381 -0.0264
vn -0.9976 -0.0698 -0.0017
vn 0.9948 -0.0786 0.0649
vn 0.9853 0.1680 0.0310
vn 0.5138 0.1768 -0.8395
vn 0.5033 -0.0663 -0.8615
vn 0.4880 0.4267 -0.7614
vn -0.5241 0.4165 -0.7429
vn -0.5289 0.7389 0.4174
vn 0.3867 0.7898 0.4761
vn -0.9138 0.4025 -0.0545
vn 0.8815 0.4719 -0.0169
vn 0.9718 0.2337 -0.0321
vn 0.5229 0.2958 -0.7995
vn 0.5126 0.4955 0.7013
vn -0.9736 0.2120 -0.0845
vn -0.6415 0.5064 0.5763
vn -0.5537 0.2852 -0.7823
vn 0.9795 -0.1019 0.1738
vn 0.9726 -0.0231 -0.2315
vn -0.5986 0.1281 -0.7907
vn -0.9720 -0.0144 -0.2345
vn 0.6137 0.1452 0.7761
vn 0.5697 0.1328 -0.8110
vn -0.7624 0.1333 0.6332
vn -0.9947 -0.0802 0.0638
vn 0.0166 -0.9999 0.0024
vn 0.5075 0.1234 -0.8528
vn -0.5484 0.1208 -0.8275
vn -0.9482 0.0038 -0.3177
vn -0.0265 -0.0000 0.9996
vn 0.0197 -0.9998 0.0047
vn -0.6745 0.1947 0.7121
vn 0.5068 0.2266 0.8317
vn 0.0190 -0.9998 -0.0002
vn 0.0849 -0.0000 -0.9964
vn -0.1388 0.9644 0.2253
vn -0.1433 0.9643 0.2225
vn 0.1233 0.9661 0.2270
vn 0.1309 0.9661 0.2227
vn 0.2776 0.9606 -0.0105
vn 0.2766 0.9610 0.0036
vn 0.1387 0.9604 -0.2417
vn 0.1549 0.9602 -0.2325
vn -0.1402 0.9556 -0.2592
vn -0.1260 0.9561 -0.2644
vn -0.2762 0.9610 -0.0138
vn -0.2770 0.9601 -0.0386
vn -0.9988 -0.0247 0.0421
vn 0.9908 0.0008 0.1350
vn 0.9322 0.0069 -0.3619
vn -0.0085 -0.2162 0.9763
vn -0.0085 0.9780 0.2086
vn 0.0012 0.9773 0.2119
vn 0.0012 -0.2129 0.9771
vn 0.0090 0.2086 -0.9780
vn -0.0235 0.2025 -0.9790
vn -0.6744 0.7316 0.0997
vn -0.6744 -0.2130 0.7070
vn 0.0090 -0.9763 -0.2163
vn -0.0235 -0.9747 -0.2222
vn -0.4830 0.1620 -0.8605
vn -0.4830 -0.8501 -0.2098
vn -0.0453 -0.9830 -0.1778
vn -0.0138 -0.2072 0.9782
vn -0.2430 0.6388 0.7300
vn -0.3613 -0.6659 -0.6527
vn -0.0085 -0.4252 0.9051
vn -0.0085 0.9083 0.4182
vn 0.0012 0.9070 0.4212
vn 0.0012 -0.4222 0.9065
vn 0.0090 0.4181 -0.9084
vn -0.0235 0.4125 -0.9107
vn -0.6744 0.6919 0.2579
vn -0.6744 -0.3630 0.6430
vn 0.0090 -0.9050 -0.4253
vn -0.0235 -0.9022 -0.4307
vn -0.4830 0.3469 -0.8040
vn -0.4830 -0.7833 -0.3913
vn -0.1353 -0.8235 -0.5509
vn -0.5726 -0.3526 0.7402
vn -0.1643 0.4114 0.8965
vn -0.0889 -0.3146 -0.9451
vn -0.0085 -0.6473 0.7622
vn -0.0085 0.7672 0.6414
vn 0.0012 0.7651 0.6440
vn 0.0012 -0.6448 0.7644
vn 0.0090 0.6413 -0.7672
vn -0.0235 0.6365 -0.7709
vn -0.6744 0.6002 0.4300
vn -0.6744 -0.5186 0.5256
vn 0.0090 -0.7621 -0.6474
vn -0.0235 -0.7580 -0.6518
vn -0.4830 0.5453 -0.6851
vn -0.4830 -0.6536 -0.5827
vn -0.0910 -0.2191 -0.9715
vn -0.1517 0.1708 0.9736
vn -0.0124 0.7601 0.6497
vn 0.0013 0.6441 -0.7650
vn -0.2641 -0.9499 0.1674
vn 0.0426 -0.0792 0.9959
vn 0.0012 -0.0923 0.9957
vn 0.0012 -0.9956 -0.0934
vn 0.0638 0.9919 0.1103
vn -0.0235 0.9963 0.0828
vn -0.6744 -0.0106 0.7383
vn -0.6744 -0.7276 -0.1260
vn -0.2548 0.3532 -0.9002
vn -0.0235 0.1028 -0.9944
vn -0.4830 0.8738 0.0569
vn -0.4830 0.1056 -0.8692
vn -0.0085 -0.5171 0.8559
vn -0.0085 0.8599 0.5104
vn 0.0012 0.8582 0.5133
vn 0.0012 -0.5142 0.8577
vn 0.0089 0.5103 -0.8599
vn -0.0235 0.5050 -0.8628
vn -0.6744 0.6613 0.3285
vn -0.6744 -0.4279 0.6018
vn 0.0090 -0.8559 -0.5171
vn -0.0235 -0.8525 -0.5222
vn -0.4830 0.4287 -0.7635
vn -0.4830 -0.7384 -0.4707
vn -0.0748 -0.7967 -0.5997
vn -0.1867 -0.4559 0.8702
vn -0.1823 0.8001 0.5715
vn -0.1073 0.4102 -0.9057
vn 0.0510 -0.2554 0.9655
vn 0.0058 0.5476 0.8367
vn 0.0064 0.1933 0.9811
vn -0.2567 0.6137 0.7467
vn 0.0073 0.4365 0.8997
vn 0.0204 -0.1882 -0.9819
vn 0.0378 -0.3446 -0.9380
vn -0.1275 0.5413 -0.8311
vn -0.0128 -0.7782 -0.6279
vn 0.0133 -0.9917 -0.1281
vn 0.0394 -0.6514 -0.7577
vn -0.5693 -0.5450 0.6156
vn -0.3024 0.5945 -0.7451
vn 0.0075 -0.1229 0.9924
vn 0.1686 0.9820 0.0846
vn -0.0917 0.4278 0.8992
vn -0.1002 0.1815 0.9783
vn 0.1591 -0.9788 -0.1291
vn 0.0992 -0.2922 0.9512
vn 0.0898 -0.6272 -0.7737
vn 0.0479 -0.4024 -0.9142
vn -0.0658 0.5029 0.8618
vn 0.0974 0.2169 -0.9713
vn 0.0236 -0.1884 -0.9818
vn -0.1248 -0.3711 0.9202
vn -0.1123 -0.7833 0.6115
vn 0.1259 0.7093 -0.6936
vn 0.1213 -0.6640 -0.7379
vn 0.3020 -0.9500 -0.0787
vn 0.3780 0.8996 0.2187
vn 0.3177 0.7646 -0.5608
vn 0.1081 0.3036 -0.9466
vn 0.0105 -0.1924 -0.9813
vn 0.0576 -0.4658 -0.8830
vn 0.1168 -0.0425 0.9922
vn 0.1986 -0.3430 0.9181
vn -0.0965 0.3897 0.9159
vn -0.3095 0.1044 0.9451
vn -0.3287 -0.2649 0.9065
vn -0.2942 -0.6639 0.6876
vn -0.2208 0.3436 0.9128
vn 0.1628 -0.9854 -0.0501
vn -0.0228 0.3958 0.9181
vn 0.2364 0.9197 -0.3134
vn 0.0218 0.1491 -0.9886
vn -0.0307 -0.5135 -0.8575
vn 0.0006 -0.3061 0.9520
vn -0.1979 -0.0041 0.9802
vt 0.500000 0.500000
vt 1.000000 0.500000
vt 0.500000 1.000000
vt 0.500000 0.000000
vt 0.000000 0.000000
vt 0.500000 0.000000
vt 1.000000 0.000000
vt 0.000000 0.500000
vt 0.000000 1.000000
vt 1.000000 1.000000
vt 0.750000 1.000000
vt 0.750000 0.500000
vt 0.500000 0.500000
vt 0.250000 1.000000
vt 0.250000 0.500000
vt 0.490000 0.250000
vt 0.250000 0.490000
vt 0.010000 0.250000
vt 0.250000 0.010000
s 1
usemtl skin.001
f 10/1/1 7/2/2 11/3/3
f 14/4/4 12/5/5 5/5/6 9/6/7
f 8/6/8 2/7/9 7/2/2 10/1/1
f 1/5/10 8/6/8 6/8/11
f 13/7/12 14/4/4 9/6/7
f 6/8/11 10/1/1 11/3/3 3/9/13
f 2/7/9 8/6/8 14/4/4 13/7/12
f 8/6/8 1/5/10 12/5/5 14/4/4
f 7/2/2 2/7/9 18/7/14 19/2/15
f 2/7/9 13/7/12 20/7/16 18/7/14
f 19/2/15 18/7/14 21/7/17 22/2/18
f 18/7/14 20/7/16 23/7/19 21/7/17
f 22/2/18 21/7/17 17/7/20 24/2/21
f 21/7/17 23/7/19 25/7/22 17/7/20
f 22/2/18 24/2/21 16/5/23
f 16/5/23 15/5/24 26/5/25
f 22/2/18 16/5/23 26/5/25
f 19/2/15 22/2/18 26/5/25
f 3/9/13 11/3/3 15/5/24
f 15/5/24 11/3/3 26/5/25
f 11/3/3 4/10/26 26/5/25
f 4/10/26 7/2/2 19/2/15 26/5/25
f 25/7/22 23/7/19 28/7/27 29/7/28
f 6/8/11 8/6/8 10/1/1
f 11/3/3 7/2/2 4/10/26
f 23/7/19 20/7/16 27/7/29 28/7/27
f 20/7/16 13/7/12 31/5/30
f 30/5/31 27/7/29 20/7/16 31/5/30
f 9/6/7 5/5/6 32/5/32
f 30/5/31 31/5/30 9/5/7
f 9/5/7 31/5/30 13/7/12
f 30/5/31 9/5/7 32/5/32
f 30/5/31 32/5/32 37/5/33 36/5/34
f 27/7/29 30/5/31 36/5/34 33/7/35
f 29/7/28 28/7/27 34/7/36 35/7/37
f 28/7/27 27/7/29 33/7/35 34/7/36
f 36/5/34 37/5/33 42/5/38 41/5/39
f 35/7/37 34/7/36 39/7/40 40/7/41
f 33/7/35 36/5/34 41/5/39 38/7/42
f 34/7/36 33/7/35 38/7/42 39/7/40
f 41/5/39 46/5/43 38/7/42
f 45/5/44 46/5/43 41/5/39
f 39/7/40 38/7/42 47/5/45
f 43/5/46 39/7/40 47/5/45
f 41/5/39 42/5/38 51/5/47 50/5/48
f 41/5/39 50/5/48 45/5/44
f 40/7/41 39/7/40 52/7/49 53/7/50
f 43/5/46 52/7/49 39/7/40
f 49/5/51 52/7/49 43/5/46
f 44/5/52 45/5/44 50/5/48
f 52/7/49 49/5/51 55/5/53 58/7/54
f 53/7/50 52/7/49 58/7/54 59/7/55
f 50/5/48 51/5/47 57/5/56 56/5/57
f 44/5/52 50/5/48 56/5/57 54/5/58
f 44/5/52 54/5/58 48/5/59
f 49/5/51 48/5/59 55/5/53
f 54/5/58 55/5/53 48/5/59
f 58/7/54 55/5/53 61/5/60 64/7/61
f 56/5/57 57/5/56 63/5/62 62/5/63
f 54/5/58 56/5/57 62/5/63 60/5/64
f 55/5/53 54/5/58 60/5/64 61/5/60
f 59/7/55 58/7/54 64/7/61 65/7/65
f 48/5/59 49/5/51 79/5/72 78/5/73
f 47/5/45 38/7/42 72/7/74 77/5/75
f 46/5/43 45/5/44 75/5/76 76/5/77
f 45/5/44 44/5/52 74/5/78 75/5/76
f 49/5/51 43/5/46 73/5/79 79/5/72
f 38/7/42 46/5/43 76/5/77 72/7/74
f 43/5/46 47/5/45 77/5/75 73/5/79
f 44/5/52 48/5/59 78/5/73 74/5/78
f 78/5/73 79/5/72 87/5/80 86/5/81
f 77/5/75 72/7/74 80/7/82 85/5/83
f 76/5/77 75/5/76 83/5/84 84/5/85
f 74/5/78 78/5/73 86/5/81 82/5/86
f 79/5/72 73/5/79 81/5/87 87/5/80
f 72/7/74 76/5/77 84/5/85 80/7/82
f 73/5/79 77/5/75 85/5/83 81/5/87
f 75/5/76 74/5/78 82/5/86 83/5/84
f 87/5/80 81/5/87 89/5/88 95/5/89
f 80/7/82 84/5/85 92/5/90 88/7/91
f 81/5/87 85/5/83 93/5/92 89/5/88
f 83/5/84 82/5/86 90/5/93 91/5/94
f 86/5/81 87/5/80 95/5/89 94/5/95
f 85/5/83 80/7/82 88/7/91 93/5/92
f 84/5/85 83/5/84 91/5/94 92/5/90
f 82/5/86 86/5/81 94/5/95 90/5/93
f 168/2/185 169/10/186 171/11/187 170/12/188
f 170/12/188 171/11/187 173/3/189 172/13/190
f 171/11/187 169/10/186 177/10/191 176/11/192
f 172/13/190 173/3/189 175/14/193 174/15/194
f 174/15/194 175/14/193 169/9/186 168/8/185
f 176/16/192 177/17/191 179/18/195 178/19/196
f 175/14/193 173/3/189 178/3/196 179/14/195
f 169/9/186 175/14/193 179/14/195 177/9/191
f 173/3/189 171/11/187 176/11/192 178/3/196
f 174/15/194 168/8/185 180/8/197 183/15/198
f 170/12/188 172/13/190 182/13/199 181/12/200
f 168/2/185 170/12/188 181/12/200 180/2/197
f 172/13/190 174/15/194 183/15/198 182/13/199
f 184/2/201 185/10/202 187/11/203 186/12/204
f 186/12/204 187/11/203 189/3/205 188/13/206
f 187/11/203 185/10/202 193/10/207 192/11/208
f 188/13/206 189/3/205 191/14/209 190/15/210
f 190/15/210 191/14/209 185/9/202 184/8/201
f 192/16/208 193/17/207 195/18/211 194/19/212
f 191/14/209 189/3/205 194/3/212 195/14/211
f 185/9/202 191/14/209 195/14/211 193/9/207
f 189/3/205 187/11/203 192/11/208 194/3/212
f 190/15/210 184/8/201 196/8/213 199/15/214
f 186/12/204 188/13/206 198/13/215 197/12/216
f 184/2/201 186/12/204 197/12/216 196/2/213
f 188/13/206 190/15/210 199/15/214 198/13/215
f 200/2/217 201/10/218 203/11/219 202/12/220
f 202/12/220 203/11/219 205/3/221 204/13/222
f 203/11/219 201/10/218 209/10/223 208/11/224
f 204/13/222 205/3/221 207/14/225 206/15/226
f 206/15/226 207/14/225 201/9/218 200/8/217
f 208/16/224 209/17/223 211/18/227 210/19/228
f 207/14/225 205/3/221 210/3/228 211/14/227
f 201/9/218 207/14/225 211/14/227 209/9/223
f 205/3/221 203/11/219 208/11/224 210/3/228
f 206/15/226 200/8/217 212/8/229 215/15/230
f 202/12/220 204/13/222 214/13/231 213/12/232
f 200/2/217 202/12/220 213/12/232 212/2/229
f 204/13/222 206/15/226 215/15/230 214/13/231
f 216/2/233 217/10/234 219/11/235 218/12/236
f 218/12/236 219/11/235 221/3/237 220/13/238
f 219/11/235 217/10/234 225/10/239 224/11/240
f 220/13/238 221/3/237 223/14/241 222/15/242
f 222/15/242 223/14/241 217/9/234 216/8/233
f 224/16/240 225/17/239 227/18/243 226/19/244
f 223/14/241 221/3/237 226/3/244 227/14/243
f 217/9/234 223/14/241 227/14/243 225/9/239
f 221/3/237 219/11/235 224/11/240 226/3/244
f 228/2/245 229/10/246 231/11/247 230/12/248
f 230/12/248 231/11/247 233/3/249 232/13/250
f 231/11/247 229/10/246 237/10/251 236/11/252
f 232/13/250 233/3/249 235/14/253 234/15/254
f 234/15/254 235/14/253 229/9/246 228/8/245
f 236/16/252 237/17/251 239/18/255 238/19/256
f 235/14/253 233/3/249 238/3/256 239/14/255
f 229/9/246 235/14/253 239/14/255 237/9/251
f 233/3/249 231/11/247 236/11/252 238/3/256
f 234/15/254 228/8/245 240/8/257 243/15/258
f 230/12/248 232/13/250 242/13/259 241/12/260
f 228/2/245 230/12/248 241/12/260 240/2/257
f 232/13/250 234/15/254 243/15/258 242/13/259
f 215/15/230 212/8/229 241/12/260 242/13/259
f 197/12/216 198/13/215 243/15/258 240/8/257
f 181/12/200 182/13/199 199/15/214 196/8/213
f 240/8/257 241/12/260 212/8/229 197/12/216
f 243/15/258 198/13/215 215/15/230 242/13/259
f 196/8/213 197/12/216 181/12/200
f 180/2/197 181/12/200 245/12/261 244/2/262
f 212/2/229 213/12/232 248/12/263 247/2/264
f 181/12/200 197/12/216 246/12/265 245/12/261
f 197/12/216 212/8/229 247/8/264 246/12/265
f 215/15/230 198/13/215 251/13/266 253/15/267
f 214/13/231 215/15/230 253/15/267 252/13/268
f 182/13/199 183/15/198 250/15/269 249/13/270
f 199/15/214 182/13/199 249/13/270 254/5/271
f 183/15/198 180/2/197 244/2/262 250/15/269
f 199/15/214 254/5/271 251/13/266 198/13/215
f 214/13/231 252/13/268 248/12/263 213/12/232
f 252/13/268 256/5/272 255/5/273 248/12/263
f 222/15/242 216/8/233 255/5/273 256/5/272
f 218/12/236 220/13/238 258/13/274 257/12/275
f 246/12/265 247/8/264 262/8/276 261/12/277
f 250/15/269 244/2/262 259/2/278 264/15/279
f 249/13/270 250/15/269 264/15/279 263/13/280
f 251/13/266 254/5/271 263/5/280 265/13/281
f 245/12/261 246/12/265 261/12/277 260/12/282
f 252/13/268 253/15/267 267/15/283 266/13/284
f 244/2/262 245/12/261 260/12/282 259/2/278
f 253/15/267 251/13/266 265/13/281 267/15/283
f 254/5/271 249/13/270 263/5/280
f 248/12/263 268/5/285 262/8/276 247/2/264
f 255/5/273 268/5/285 248/12/263
f 252/13/268 266/13/284 256/5/272
f 269/5/286 216/2/233 218/12/236 257/12/275
f 216/2/233 269/5/286 268/5/285 255/5/273
f 222/15/242 270/5/287 258/13/274 220/13/238
f 256/5/272 270/5/287 222/15/242
f 266/13/284 270/5/287 256/5/272
f 263/13/280 264/15/279 278/15/288 277/13/289
f 258/13/274 270/5/287 284/5/290 272/13/291
f 266/13/284 267/15/283 281/15/292 280/13/293
f 265/13/281 263/5/280 277/5/289 279/13/294
f 257/12/275 258/13/274 272/13/291 271/12/295
f 267/15/283 265/13/281 279/13/294 281/15/292
f 270/5/287 266/13/284 280/13/293 284/5/290
f 264/15/279 259/2/278 273/2/296 278/15/288
f 259/2/278 260/12/282 274/12/297 273/2/296
f 262/8/276 268/5/285 282/5/298 276/8/299
f 269/5/286 257/12/275 271/12/295 283/5/300
f 261/12/277 262/8/276 276/8/299 275/12/301
f 268/5/285 269/5/286 283/5/300 282/5/298
f 260/12/282 261/12/277 275/12/301 274/12/297
f 277/13/289 278/15/288 288/13/302
f 272/13/291 284/5/290 291/5/303 285/13/304
f 280/13/293 281/15/292 290/13/305
f 284/5/290 280/13/293 290/13/305 291/5/303
f 281/15/292 279/13/294 289/13/306 290/15/305
f 278/15/288 273/2/296 286/2/307 288/15/302
f 271/12/295 272/13/291 285/12/304
f 276/8/299 282/5/298 287/8/308
f 273/2/296 274/12/297 286/2/307
f 279/13/294 277/5/289 288/5/302 289/13/306
f 275/12/301 276/8/299 287/8/308 286/12/307
f 283/5/300 271/12/295 285/5/304
f 274/12/297 275/12/301 286/12/307
f 282/5/298 283/5/300 285/5/304 287/5/308
f 92/5/90 91/5/94 287/5/308 285/13/304
f 90/5/93 286/2/307 287/8/308 91/5/94
f 94/5/95 288/5/302 286/2/307 90/5/93
f 94/5/95 95/5/89 289/13/306 288/5/302
f 89/5/88 289/13/306 95/5/89
f 290/13/305 289/13/306 89/5/88
f 93/5/92 290/13/305 89/5/88
f 88/7/91 291/5/303 290/13/305 93/5/92
f 88/7/91 92/5/90 285/13/304 291/5/303
f 297/1/309 298/3/310 294/2/311
f 300/4/312 296/6/313 5/5/6 12/5/5
f 295/6/314 297/1/309 294/2/311 292/7/315
f 1/5/10 6/8/11 295/6/314
f 299/7/316 296/6/313 300/4/312
f 6/8/11 3/9/13 298/3/310 297/1/309
f 292/7/315 299/7/316 300/4/312 295/6/314
f 295/6/314 300/4/312 12/5/5 1/5/10
f 294/2/311 302/2/317 301/7/318 292/7/315
f 292/7/315 301/7/318 303/7/319 299/7/316
f 302/2/317 305/2/320 304/7/321 301/7/318
f 301/7/318 304/7/321 306/7/322 303/7/319
f 305/2/320 24/2/21 17/7/20 304/7/321
f 304/7/321 17/7/20 25/7/22 306/7/322
f 305/2/320 16/5/23 24/2/21
f 16/5/23 307/5/323 15/5/24
f 305/2/320 307/5/323 16/5/23
f 302/2/317 307/5/323 305/2/320
f 3/9/13 15/5/24 298/3/310
f 15/5/24 307/5/323 298/3/310
f 298/3/310 307/5/323 293/10/324
f 293/10/324 307/5/323 302/2/317 294/2/311
f 25/7/22 29/7/28 309/7/325 306/7/322
f 6/8/11 297/1/309 295/6/314
f 298/3/310 293/10/324 294/2/311
f 306/7/322 309/7/325 308/7/326 303/7/319
f 303/7/319 311/5/327 299/7/316
f 310/5/328 311/5/327 303/7/319 308/7/326
f 296/6/313 32/5/32 5/5/6
f 310/5/328 296/5/313 311/5/327
f 296/5/313 299/7/316 311/5/327
f 310/5/328 32/5/32 296/5/313
f 310/5/328 314/5/329 37/5/33 32/5/32
f 308/7/326 312/7/330 314/5/329 310/5/328
f 29/7/28 35/7/37 313/7/331 309/7/325
f 309/7/325 313/7/331 312/7/330 308/7/326
f 314/5/329 317/5/332 42/5/38 37/5/33
f 35/7/37 40/7/41 316/7/333 313/7/331
f 312/7/330 315/7/334 317/5/332 314/5/329
f 313/7/331 316/7/333 315/7/334 312/7/330
f 317/5/332 315/7/334 321/5/335
f 320/5/336 317/5/332 321/5/335
f 316/7/333 322/5/337 315/7/334
f 318/5/338 322/5/337 316/7/333
f 317/5/332 325/5/339 51/5/47 42/5/38
f 317/5/332 320/5/336 325/5/339
f 40/7/41 53/7/50 326/7/340 316/7/333
f 318/5/338 316/7/333 326/7/340
f 324/5/341 318/5/338 326/7/340
f 319/5/342 325/5/339 320/5/336
f 326/7/340 330/7/343 328/5/344 324/5/341
f 53/7/50 59/7/55 330/7/343 326/7/340
f 325/5/339 329/5/345 57/5/56 51/5/47
f 319/5/342 327/5/346 329/5/345 325/5/339
f 319/5/342 323/5/347 327/5/346
f 324/5/341 328/5/344 323/5/347
f 327/5/346 323/5/347 328/5/344
f 330/7/343 334/7/348 332/5/349 328/5/344
f 329/5/345 333/5/350 63/5/62 57/5/56
f 327/5/346 331/5/351 333/5/350 329/5/345
f 328/5/344 332/5/349 331/5/351 327/5/346
f 59/7/55 65/7/65 334/7/348 330/7/343
f 323/5/347 345/5/356 346/5/357 324/5/341
f 322/5/337 344/5/358 339/7/359 315/7/334
f 321/5/335 343/5/360 342/5/361 320/5/336
f 320/5/336 342/5/361 341/5/362 319/5/342
f 324/5/341 346/5/357 340/5/363 318/5/338
f 315/7/334 339/7/359 343/5/360 321/5/335
f 318/5/338 340/5/363 344/5/358 322/5/337
f 319/5/342 341/5/362 345/5/356 323/5/347
f 345/5/356 353/5/364 354/5/365 346/5/357
f 344/5/358 352/5/366 347/7/367 339/7/359
f 343/5/360 351/5/368 350/5/369 342/5/361
f 341/5/362 349/5/370 353/5/364 345/5/356
f 346/5/357 354/5/365 348/5/371 340/5/363
f 339/7/359 347/7/367 351/5/368 343/5/360
f 340/5/363 348/5/371 352/5/366 344/5/358
f 342/5/361 350/5/369 349/5/370 341/5/362
f 354/5/365 362/5/372 356/5/373 348/5/371
f 347/7/367 355/7/374 359/5/375 351/5/368
f 348/5/371 356/5/373 360/5/376 352/5/366
f 350/5/369 358/5/377 357/5/378 349/5/370
f 353/5/364 361/5/379 362/5/372 354/5/365
f 352/5/366 360/5/376 355/7/374 347/7/367
f 351/5/368 359/5/375 358/5/377 350/5/369
f 349/5/370 357/5/378 361/5/379 353/5/364
f 432/2/466 434/12/467 435/11/468 433/10/469
f 434/12/467 436/13/470 437/3/471 435/11/468
f 435/11/468 440/11/472 441/10/473 433/10/469
f 436/13/470 438/15/474 439/14/475 437/3/471
f 438/15/474 432/8/466 433/9/469 439/14/475
f 440/16/472 442/19/476 443/18/477 441/17/473
f 439/14/475 443/14/477 442/3/476 437/3/471
f 433/9/469 441/9/473 443/14/477 439/14/475
f 437/3/471 442/3/476 440/11/472 435/11/468
f 438/15/474 447/15/478 444/8/479 432/8/466
f 434/12/467 445/12/480 446/13/481 436/13/470
f 432/2/466 444/2/479 445/12/480 434/12/467
f 436/13/470 446/13/481 447/15/478 438/15/474
f 448/2/482 450/12/483 451/11/484 449/10/485
f 450/12/483 452/13/486 453/3/487 451/11/484
f 451/11/484 456/11/488 457/10/489 449/10/485
f 452/13/486 454/15/490 455/14/491 453/3/487
f 454/15/490 448/8/482 449/9/485 455/14/491
f 456/16/488 458/19/492 459/18/493 457/17/489
f 455/14/491 459/14/493 458/3/492 453/3/487
f 449/9/485 457/9/489 459/14/493 455/14/491
f 453/3/487 458/3/492 456/11/488 451/11/484
f 454/15/490 463/15/494 460/8/495 448/8/482
f 450/12/483 461/12/496 462/13/497 452/13/486
f 448/2/482 460/2/495 461/12/496 450/12/483
f 452/13/486 462/13/497 463/15/494 454/15/490
f 464/2/498 466/12/499 467/11/500 465/10/501
f 466/12/499 468/13/502 469/3/503 467/11/500
f 467/11/500 472/11/504 473/10/505 465/10/501
f 468/13/502 470/15/506 471/14/507 469/3/503
f 470/15/506 464/8/498 465/9/501 471/14/507
f 472/16/504 474/19/508 475/18/509 473/17/505
f 471/14/507 475/14/509 474/3/508 469/3/503
f 465/9/501 473/9/505 475/14/509 471/14/507
f 469/3/503 474/3/508 472/11/504 467/11/500
f 470/15/506 479/15/510 476/8/511 464/8/498
f 466/12/499 477/12/512 478/13/513 468/13/502
f 464/2/498 476/2/511 477/12/512 466/12/499
f 468/13/502 478/13/513 479/15/510 470/15/506
f 480/2/514 482/12/515 483/11/516 481/10/517
f 482/12/515 484/13/518 485/3/519 483/11/516
f 483/11/516 488/11/520 489/10/521 481/10/517
f 484/13/518 486/15/522 487/14/523 485/3/519
f 486/15/522 480/8/514 481/9/517 487/14/523
f 488/16/520 490/19/524 491/18/525 489/17/521
f 487/14/523 491/14/525 490/3/524 485/3/519
f 481/9/517 489/9/521 491/14/525 487/14/523
f 485/3/519 490/3/524 488/11/520 483/11/516
f 492/2/526 494/12/527 495/11/528 493/10/529
f 494/12/527 496/13/530 497/3/531 495/11/528
f 495/11/528 500/11/532 501/10/533 493/10/529
f 496/13/530 498/15/534 499/14/535 497/3/531
f 498/15/534 492/8/526 493/9/529 499/14/535
f 500/16/532 502/19/536 503/18/537 501/17/533
f 499/14/535 503/14/537 502/3/536 497/3/531
f 493/9/529 501/9/533 503/14/537 499/14/535
f 497/3/531 502/3/536 500/11/532 495/11/528
f 498/15/534 507/15/538 504/8/539 492/8/526
f 494/12/527 505/12/540 506/13/541 496/13/530
f 492/2/526 504/2/539 505/12/540 494/12/527
f 496/13/530 506/13/541 507/15/538 498/15/534
f 479/15/510 506/13/541 505/12/540 476/8/511
f 461/12/496 504/8/539 507/15/538 462/13/497
f 445/12/480 460/8/495 463/15/494 446/13/481
f 504/8/539 461/12/496 476/8/511 505/12/540
f 507/15/538 506/13/541 479/15/510 462/13/497
f 460/8/495 445/12/480 461/12/496
f 444/2/479 508/2/542 509/12/543 445/12/480
f 476/2/511 511/2/544 512/12/545 477/12/512
f 445/12/480 509/12/543 510/12/546 461/12/496
f 461/12/496 510/12/546 511/8/544 476/8/511
f 479/15/510 517/15/547 515/13/548 462/13/497
f 478/13/513 516/13/549 517/15/547 479/15/510
f 446/13/481 513/13/550 514/15/551 447/15/478
f 463/15/494 518/5/552 513/13/550 446/13/481
f 447/15/478 514/15/551 508/2/542 444/2/479
f 463/15/494 462/13/497 515/13/548 518/5/552
f 478/13/513 477/12/512 512/12/545 516/13/549
f 516/13/549 512/12/545 519/5/553 520/5/554
f 486/15/522 520/5/554 519/5/553 480/8/514
f 482/12/515 521/12/555 522/13/556 484/13/518
f 510/12/546 525/12/557 526/8/558 511/8/544
f 514/15/551 528/15/559 523/2/560 508/2/542
f 513/13/550 527/13/561 528/15/559 514/15/551
f 515/13/548 529/13/562 527/5/561 518/5/552
f 509/12/543 524/12/563 525/12/557 510/12/546
f 516/13/549 530/13/564 531/15/565 517/15/547
f 508/2/542 523/2/560 524/12/563 509/12/543
f 517/15/547 531/15/565 529/13/562 515/13/548
f 518/5/552 527/5/561 513/13/550
f 512/12/545 511/2/544 526/8/558 532/5/566
f 519/5/553 512/12/545 532/5/566
f 516/13/549 520/5/554 530/13/564
f 533/5/567 521/12/555 482/12/515 480/2/514
f 480/2/514 519/5/553 532/5/566 533/5/567
f 486/15/522 484/13/518 522/13/556 534/5/568
f 520/5/554 486/15/522 534/5/568
f 530/13/564 520/5/554 534/5/568
f 527/13/561 541/13/569 542/15/570 528/15/559
f 522/13/556 536/13/571 548/5/572 534/5/568
f 530/13/564 544/13/573 545/15/574 531/15/565
f 529/13/562 543/13/575 541/5/569 527/5/561
f 521/12/555 535/12/576 536/13/571 522/13/556
f 531/15/565 545/15/574 543/13/575 529/13/562
f 534/5/568 548/5/572 544/13/573 530/13/564
f 528/15/559 542/15/570 537/2/577 523/2/560
f 523/2/560 537/2/577 538/12/578 524/12/563
f 526/8/558 540/8/579 546/5/580 532/5/566
f 533/5/567 547/5/581 535/12/576 521/12/555
f 525/12/557 539/12/582 540/8/579 526/8/558
f 532/5/566 546/5/580 547/5/581 533/5/567
f 524/12/563 538/12/578 539/12/582 525/12/557
f 541/13/569 552/13/583 542/15/570
f 536/13/571 549/13/584 555/5/585 548/5/572
f 544/13/573 554/13/586 545/15/574
f 548/5/572 555/5/585 554/13/586 544/13/573
f 545/15/574 554/15/586 553/13/587 543/13/575
f 542/15/570 552/15/583 550/2/588 537/2/577
f 535/12/576 549/12/584 536/13/571
f 540/8/579 551/8/589 546/5/580
f 537/2/577 550/2/588 538/12/578
f 543/13/575 553/13/587 552/5/583 541/5/569
f 539/12/582 550/12/588 551/8/589 540/8/579
f 547/5/581 549/5/584 535/12/576
f 538/12/578 550/12/588 539/12/582
f 546/5/580 551/5/589 549/5/584 547/5/581
f 359/5/375 549/13/584 551/5/589 358/5/377
f 357/5/378 358/5/377 551/8/589 550/2/588
f 361/5/379 357/5/378 550/2/588 552/5/583
f 361/5/379 552/5/583 553/13/587 362/5/372
f 356/5/373 362/5/372 553/13/587
f 554/13/586 356/5/373 553/13/587
f 360/5/376 356/5/373 554/13/586
f 355/7/374 360/5/376 554/13/586 555/5/585
f 355/7/374 555/5/585 549/13/584 359/5/375
usemtl boots.001
f 163/5/128 162/5/129 133/5/130 132/5/131
f 165/5/132 164/5/133 131/5/134 130/5/135
f 167/5/136 166/5/137 129/5/138 128/5/139
f 162/5/129 167/5/136 128/5/139 133/5/130
f 164/5/133 163/5/128 132/5/131 131/5/134
f 166/5/137 165/5/132 130/5/135 129/5/138
f 129/5/138 130/5/135 136/5/140 135/5/141
f 132/5/131 133/5/130 139/5/142 138/5/143
f 130/5/135 131/5/134 137/5/144 136/5/140
f 128/5/139 129/5/138 135/5/141 134/5/145
f 133/5/130 128/5/139 134/5/145 139/5/142
f 131/5/134 132/5/131 138/5/143 137/5/144
f 134/5/145 135/5/141 141/5/146 140/5/147
f 139/5/142 134/5/145 140/5/147 145/5/148
f 137/5/144 138/5/143 144/5/149 143/5/150
f 135/5/141 136/5/140 142/5/151 141/5/146
f 138/5/143 139/5/142 145/5/148 144/5/149
f 136/5/140 137/5/144 143/5/150 142/5/151
f 161/5/152 140/5/147 159/5/153
f 142/5/151 143/5/150 158/5/154 148/5/155
f 145/5/148 140/5/147 161/5/152 146/5/156
f 141/5/146 142/5/151 148/5/155 149/5/157
f 140/5/147 141/5/146 149/5/157 159/5/153
f 144/5/149 145/5/148 146/5/156 147/5/158
f 143/5/150 144/5/149 147/5/158 160/5/159
f 150/5/160 157/5/160 156/5/160 151/5/160
f 149/5/157 148/5/155 153/5/161 154/5/162
f 152/5/163 153/5/161 148/5/155 158/5/154
f 155/5/164 152/5/164 158/5/164 159/5/164
f 160/5/165 161/5/165 159/5/165 158/5/165
f 147/5/158 146/5/156 150/5/166 151/5/167
f 152/5/168 155/5/168 154/5/168 153/5/168
f 156/5/169 157/5/169 161/5/169 160/5/169
f 158/5/154 143/5/150 160/5/159
f 123/5/170 124/5/171 165/5/172 166/5/173
f 125/5/174 126/5/175 163/5/176 164/5/177
f 127/5/178 122/5/179 167/5/180 162/5/181
f 122/5/179 123/5/170 166/5/173 167/5/180
f 124/5/171 125/5/174 164/5/177 165/5/172
f 126/5/175 127/5/178 162/5/181 163/5/176
f 151/5/167 156/5/182 160/5/159 147/5/158
f 150/5/166 146/5/156 161/5/152 157/5/183
f 154/5/162 155/5/184 159/5/153 149/5/157
f 427/5/409 396/5/410 397/5/411 426/5/412
f 429/5/413 394/5/414 395/5/415 428/5/416
f 431/5/417 392/5/418 393/5/419 430/5/420
f 426/5/412 397/5/411 392/5/418 431/5/417
f 428/5/416 395/5/415 396/5/410 427/5/409
f 430/5/420 393/5/419 394/5/414 429/5/413
f 393/5/419 399/5/421 400/5/422 394/5/414
f 396/5/410 402/5/423 403/5/424 397/5/411
f 394/5/414 400/5/422 401/5/425 395/5/415
f 392/5/418 398/5/426 399/5/421 393/5/419
f 397/5/411 403/5/424 398/5/426 392/5/418
f 395/5/415 401/5/425 402/5/423 396/5/410
f 398/5/426 404/5/427 405/5/428 399/5/421
f 403/5/424 409/5/429 404/5/427 398/5/426
f 401/5/425 407/5/430 408/5/431 402/5/423
f 399/5/421 405/5/428 406/5/432 400/5/422
f 402/5/423 408/5/431 409/5/429 403/5/424
f 400/5/422 406/5/432 407/5/430 401/5/425
f 425/5/433 423/5/434 404/5/427
f 406/5/432 412/5/435 422/5/436 407/5/430
f 409/5/429 410/5/437 425/5/433 404/5/427
f 405/5/428 413/5/438 412/5/435 406/5/432
f 404/5/427 423/5/434 413/5/438 405/5/428
f 408/5/431 411/5/439 410/5/437 409/5/429
f 407/5/430 424/5/440 411/5/439 408/5/431
f 414/5/441 415/5/441 420/5/441 421/5/441
f 413/5/438 418/5/442 417/5/443 412/5/435
f 416/5/444 422/5/436 412/5/435 417/5/443
f 419/5/445 423/5/445 422/5/445 416/5/445
f 424/5/446 422/5/446 423/5/446 425/5/446
f 411/5/439 415/5/447 414/5/448 410/5/437
f 416/5/449 417/5/449 418/5/449 419/5/449
f 420/5/450 424/5/450 425/5/450 421/5/450
f 422/5/436 424/5/440 407/5/430
f 387/5/451 430/5/452 429/5/453 388/5/454
f 389/5/455 428/5/456 427/5/457 390/5/458
f 391/5/459 426/5/460 431/5/461 386/5/462
f 386/5/462 431/5/461 430/5/452 387/5/451
f 388/5/454 429/5/453 428/5/456 389/5/455
f 390/5/458 427/5/457 426/5/460 391/5/459
f 415/5/447 411/5/439 424/5/440 420/5/463
f 414/5/448 421/5/464 425/5/433 410/5/437
f 418/5/442 413/5/438 423/5/434 419/5/465
usemtl tights.001
f 61/5/60 60/5/64 66/5/66 67/5/67
f 64/7/61 61/5/60 67/5/67 70/7/68
f 62/5/63 63/5/62 69/5/69 68/5/70
f 60/5/64 62/5/63 68/5/70 66/5/66
f 65/7/65 64/7/61 70/7/68 71/7/71
f 66/5/66 101/5/96 67/5/67
f 101/5/96 66/5/66 102/5/97
f 66/5/66 68/5/70 102/5/97
f 102/5/97 68/5/70 103/5/98
f 69/5/69 96/5/99 68/5/70
f 68/5/70 96/5/99 103/5/98
f 96/5/99 97/5/100 103/5/98
f 100/5/101 70/7/68 67/5/67
f 101/5/96 100/5/101 67/5/67
f 100/5/101 99/5/102 70/7/68
f 70/7/68 99/5/102 71/7/71
f 98/5/103 71/7/71 99/5/102
f 98/5/103 99/5/102 97/5/100
f 99/5/102 100/5/101 106/5/104 105/5/105
f 102/5/97 103/5/98 109/5/106 108/5/107
f 100/5/101 101/5/96 107/5/108 106/5/104
f 97/5/100 99/5/102 105/5/105 104/5/109
f 103/5/98 97/5/100 104/5/109 109/5/106
f 101/5/96 102/5/97 108/5/107 107/5/108
f 107/5/108 108/5/107 114/5/110 113/5/111
f 105/5/105 106/5/104 112/5/112 111/5/113
f 108/5/107 109/5/106 115/5/114 114/5/110
f 106/5/104 107/5/108 113/5/111 112/5/112
f 104/5/109 105/5/105 111/5/113 110/5/115
f 109/5/106 104/5/109 110/5/115 115/5/114
f 114/5/110 115/5/114 121/5/116 120/5/117
f 112/5/112 113/5/111 119/5/118 118/5/119
f 110/5/115 111/5/113 117/5/120 116/5/121
f 115/5/114 110/5/115 116/5/121 121/5/116
f 113/5/111 114/5/110 120/5/117 119/5/118
f 111/5/113 112/5/112 118/5/119 117/5/120
f 121/5/116 116/5/121 122/5/122 127/5/123
f 119/5/118 120/5/117 126/5/124 125/5/125
f 117/5/120 118/5/119 124/5/126 123/5/127
f 120/5/117 121/5/116 127/5/123 126/5/124
f 118/5/119 119/5/118 125/5/125 124/5/126
f 116/5/121 117/5/120 123/5/127 122/5/122
f 332/5/349 336/5/352 335/5/353 331/5/351
f 334/7/348 338/7/354 336/5/352 332/5/349
f 333/5/350 337/5/355 69/5/69 63/5/62
f 331/5/351 335/5/353 337/5/355 333/5/350
f 65/7/65 71/7/71 338/7/354 334/7/348
f 335/5/353 336/5/352 365/5/380
f 365/5/380 366/5/381 335/5/353
f 335/5/353 366/5/381 337/5/355
f 366/5/381 367/5/382 337/5/355
f 69/5/69 337/5/355 96/5/99
f 337/5/355 367/5/382 96/5/99
f 96/5/99 367/5/382 97/5/100
f 364/5/383 336/5/352 338/7/354
f 365/5/380 336/5/352 364/5/383
f 364/5/383 338/7/354 363/5/384
f 338/7/354 71/7/71 363/5/384
f 98/5/103 363/5/384 71/7/71
f 98/5/103 97/5/100 363/5/384
f 363/5/384 369/5/385 370/5/386 364/5/383
f 366/5/381 372/5/387 373/5/388 367/5/382
f 364/5/383 370/5/386 371/5/389 365/5/380
f 97/5/100 368/5/390 369/5/385 363/5/384
f 367/5/382 373/5/388 368/5/390 97/5/100
f 365/5/380 371/5/389 372/5/387 366/5/381
f 371/5/389 377/5/391 378/5/392 372/5/387
f 369/5/385 375/5/393 376/5/394 370/5/386
f 372/5/387 378/5/392 379/5/395 373/5/388
f 370/5/386 376/5/394 377/5/391 371/5/389
f 368/5/390 374/5/396 375/5/393 369/5/385
f 373/5/388 379/5/395 374/5/396 368/5/390
f 378/5/392 384/5/397 385/5/398 379/5/395
f 376/5/394 382/5/399 383/5/400 377/5/391
f 374/5/396 380/5/401 381/5/402 375/5/393
f 379/5/395 385/5/398 380/5/401 374/5/396
f 377/5/391 383/5/400 384/5/397 378/5/392
f 375/5/393 381/5/402 382/5/399 376/5/394
f 385/5/398 391/5/403 386/5/404 380/5/401
f 383/5/400 389/5/405 390/5/406 384/5/397
f 381/5/402 387/5/407 388/5/408 382/5/399
f 384/5/397 390/5/406 391/5/403 385/5/398
f 382/5/399 388/5/408 389/5/405 383/5/400
f 380/5/401 386/5/404 387/5/407 381/5/402
o body
v 0.000000 17.643536 0.821167
v 1.899961 17.615129 -0.775966
v -0.000000 19.676857 -0.040794
v 1.158521 19.497910 -0.781736
v -0.000000 16.180122 -0.206896
v -0.000000 18.390804 0.255367
v 1.719182 18.707619 -0.797841
v 0.953678 17.615129 0.004373
v 0.515289 16.369404 -0.535178
v 0.863289 18.468874 -0.122018
v 0.805275 19.654848 -0.397760
v 0.000000 16.762699 0.307135
v 1.417824 16.856108 -0.801485
v 0.698028 16.807629 -0.265403
v -0.000000 19.932007 -1.142288
v -0.000000 19.519545 -2.286451
v -0.000000 17.615129 -2.980046
v 1.724144 17.615129 -1.949760
v 1.543365 18.707619 -1.852857
v 1.242008 16.856110 -1.611962
v 1.071721 17.615129 -2.788184
v 0.890941 18.707619 -2.740189
v 0.589584 16.856110 -2.275715
v -0.000000 18.707619 -2.932051
v -0.000000 16.856108 -2.467577
v 0.778614 19.609802 -1.561942
v 0.771386 16.369184 -1.632401
v 0.421399 16.369183 -2.173530
v -0.000000 16.369183 -2.305389
v 0.591534 16.385714 -1.070403
v 0.999393 16.630348 -0.958340
v 0.000000 16.313499 -0.891666
v 0.753208 15.597412 -1.600780
v 0.394338 15.597410 -2.155644
v -0.000000 15.597410 -2.290849
v 0.568792 15.614361 -1.024519
v -0.000000 15.540313 -0.841245
v 1.588154 15.475554 -1.642332
v 0.689694 15.282647 -2.369352
v 0.000000 15.282646 -2.552718
v 0.847440 15.309958 -0.814651
v -0.000000 15.190630 -0.519303
v 1.667719 14.797821 -2.284135
v 1.667719 14.349203 -1.295521
v 1.667719 14.798828 -1.069068
v 1.667719 15.292795 -1.257658
v 1.667719 15.273863 -2.090661
v 1.667719 14.178816 -1.730954
v 1.667719 14.368134 -2.052796
v 0.847440 14.250000 -0.270659
v 0.000000 14.130671 -0.097205
v 0.840432 14.412136 -2.499374
v -0.000000 14.412136 -2.732723
v 1.482074 12.996021 -1.385161
v 1.482074 13.010163 -1.950849
v 0.751251 12.839317 -0.790689
v 0.000000 12.732792 -0.527029
v 0.744995 12.984060 -2.404139
v -0.000000 12.984061 -2.612452
v 1.332070 11.858467 -1.521430
v 1.332071 11.871053 -2.024924
v 0.681596 11.718993 -1.075510
v 0.000000 11.624179 -0.840836
v 0.676028 11.847818 -2.428376
v 0.000000 11.847819 -2.613786
v 1.485165 10.975679 -1.722454
v 1.510259 10.990550 -2.468974
v 0.716182 10.810802 -1.074433
v 0.000000 10.673683 -0.750979
v 0.909826 10.947147 -3.027731
v -0.000000 10.937651 -3.217789
v 4.261873 15.422899 -1.651018
v 4.322009 14.910644 -2.136118
v 4.322011 14.571560 -1.388885
v 4.322011 14.911404 -1.217723
v 4.322011 15.284763 -1.360267
v 4.322011 15.270453 -1.989883
v 4.322011 14.442774 -1.718002
v 4.322010 14.585869 -1.961263
v 4.857545 15.392185 -1.686229
v 4.913974 14.911532 -2.087934
v 4.913973 14.593369 -1.469160
v 4.913971 14.912246 -1.327423
v 4.913973 15.262572 -1.445462
v 4.913974 15.249146 -1.966838
v 4.913974 14.472528 -1.741698
v 4.913974 14.606794 -1.943138
v 7.036328 15.278082 -1.717604
v 7.046548 14.914835 -1.950056
v 7.046547 14.674387 -1.591992
v 7.046546 14.915374 -1.509974
v 7.046547 15.180128 -1.578280
v 7.046547 15.169981 -1.879983
v 7.046547 14.583063 -1.749701
v 7.046547 14.684533 -1.866268
v 0.000000 10.013568 -0.855030
v -0.000000 9.853568 -1.654988
v -0.000000 10.086275 -2.542223
v 0.318279 9.814935 -3.115516
v 1.242288 9.802587 -2.811419
v 1.852953 9.795650 -1.979869
v 1.191886 9.806855 -0.969507
v 0.340289 9.818819 -0.871723
v 0.230384 6.806125 -1.771145
v 0.557807 6.800566 -2.374032
v 1.255566 6.791618 -2.368663
v 1.533750 6.786592 -1.791944
v 1.233452 6.794709 -1.152853
v 0.702900 6.803377 -1.106354
v 0.230384 6.240600 -1.712337
v 0.557807 6.235044 -2.264161
v 1.255567 6.226095 -2.259247
v 1.533750 6.221066 -1.731374
v 1.233452 6.229180 -1.146412
v 0.702900 6.237848 -1.103852
v 0.230385 5.740834 -1.695144
v 0.557807 5.735286 -2.246968
v 1.255567 5.726337 -2.242054
v 1.533750 5.721300 -1.714182
v 1.233452 5.729405 -1.129220
v 0.702900 5.738072 -1.086659
v 0.230385 5.185364 -1.777949
v 0.557808 5.179818 -2.348180
v 1.255567 5.170870 -2.343103
v 1.533750 5.165831 -1.797622
v 1.233452 5.173933 -1.193148
v 0.702900 5.182601 -1.149167
v 0.477391 1.071599 -1.830093
v 0.687363 1.067136 -2.195776
v 1.134829 1.059932 -2.192520
v 1.313225 1.055877 -1.842709
v 1.120647 1.062398 -1.455067
v 0.780410 1.069375 -1.426863
v 0.390165 0.791425 -1.786013
v 0.641613 0.786078 -2.322121
v 1.177466 0.777454 -2.317348
v 1.391100 0.772596 -1.804510
v 1.160482 0.780412 -1.236208
v 0.753038 0.788767 -1.194860
v 0.257362 0.453052 -1.753301
v 0.571958 0.446358 -2.492091
v 1.242381 0.435567 -2.484833
v 1.509666 0.429492 -1.781420
v 1.364001 0.439269 -0.273694
v 0.601617 0.449724 -0.153821
v 0.588432 0.155367 -0.083369
v 1.383190 0.144352 -0.206605
v 1.259685 0.140450 -2.538316
v 0.553390 0.151820 -2.545963
v 0.596251 -0.036479 -0.023708
v 1.371810 -0.047162 -0.149513
v 1.463050 -0.057152 -1.933782
v 1.249423 -0.050946 -2.573290
v 0.564402 -0.039920 -2.581233
v 0.302434 -0.033080 -1.903010
v 1.439203 -0.054328 -1.650937
v 0.386946 -0.034135 -1.561263
v 1.463050 0.113437 -1.933782
v 0.302434 0.137508 -1.903010
v 1.439203 0.116261 -1.650937
v 0.386946 0.136454 -1.561263
v 0.678903 5.204226 -1.082442
v 1.268377 5.194538 -1.131307
v 1.602025 5.185482 -1.802912
v 1.292948 5.191114 -2.408973
v 0.517697 5.201117 -2.414614
v 0.153912 5.207314 -1.781055
v 8.726216 14.445526 -1.480030
v 8.958141 14.445527 -1.480028
v 8.726215 14.571066 -1.560736
v 8.958141 14.571068 -1.560734
v 8.726213 14.490359 -1.686277
v 8.958143 14.490361 -1.686275
v 8.726213 14.364820 -1.605571
v 8.958145 14.364820 -1.605569
v 9.194004 14.571504 -1.560059
v 9.170546 14.445963 -1.479352
v 9.145622 14.497046 -1.675878
v 9.122164 14.371505 -1.595171
v 8.524989 14.448151 -1.475948
v 8.524989 14.573691 -1.556655
v 8.514893 14.493246 -1.681788
v 8.514893 14.367706 -1.601082
v 8.831930 14.589761 -1.627236
v 9.121376 14.589761 -1.627231
v 8.831930 14.764721 -1.691118
v 9.121378 14.764721 -1.691113
v 8.831936 14.700838 -1.866077
v 9.121380 14.700838 -1.866073
v 8.831935 14.525879 -1.802195
v 9.121380 14.525879 -1.802191
v 9.415741 14.765062 -1.690189
v 9.388231 14.590102 -1.626305
v 9.355349 14.706128 -1.851596
v 9.327839 14.531168 -1.787714
v 8.580799 14.591834 -1.621564
v 8.580800 14.766794 -1.685445
v 8.568210 14.703119 -1.859838
v 8.568207 14.528159 -1.795955
v 8.776611 15.012411 -1.771010
v 9.066061 15.012412 -1.771009
v 8.776612 15.197993 -1.786859
v 9.066059 15.197993 -1.786858
v 8.776613 15.182145 -1.972442
v 9.066059 15.182145 -1.972440
v 8.776614 14.996562 -1.956593
v 9.066059 14.996563 -1.956591
v 9.360420 15.198080 -1.785869
v 9.396534 15.012498 -1.770019
v 9.300032 15.183458 -1.957076
v 9.336147 14.997876 -1.941228
v 8.525483 15.012924 -1.764985
v 8.525482 15.198507 -1.780834
v 8.512888 15.182711 -1.965814
v 8.512888 14.997128 -1.949965
v 8.344566 15.330419 -1.620325
v 8.634012 15.330420 -1.620324
v 8.344565 15.449328 -1.476964
v 8.634012 15.449329 -1.476963
v 8.344564 15.592689 -1.595873
v 8.634008 15.592690 -1.595872
v 8.344566 15.473780 -1.739234
v 8.634012 15.473780 -1.739234
v 8.928370 15.448566 -1.476328
v 8.928370 15.329656 -1.619688
v 8.867983 15.580823 -1.586028
v 8.867984 15.461914 -1.729389
v 8.902803 14.782719 -1.711639
v 9.192249 14.782719 -1.711637
v 8.902800 14.963375 -1.756971
v 9.192247 14.963375 -1.756971
v 8.902803 14.918041 -1.937628
v 9.192247 14.918041 -1.937627
v 8.902803 14.737385 -1.892295
v 9.192249 14.737386 -1.892293
v 9.488031 14.963619 -1.756005
v 9.486610 14.782963 -1.710673
v 9.427647 14.921797 -1.922671
v 9.426224 14.741140 -1.877338
v 8.651671 14.784190 -1.705773
v 8.651672 14.964847 -1.751106
v 8.639076 14.919661 -1.931176
v 8.639078 14.739004 -1.885843
v 8.353553 14.442633 -1.473173
v 8.353553 14.570143 -1.555145
v 8.349918 14.766273 -1.685958
v 8.353518 15.016264 -1.766746
v 8.353517 15.204758 -1.782843
v 8.371468 14.462135 -1.707733
v 8.371468 14.367707 -1.601080
v 8.362247 14.703119 -1.859839
v 8.371815 15.182710 -1.965814
v 8.371815 14.997128 -1.949965
v 8.361459 14.528159 -1.795957
v 8.239830 15.249997 -1.755821
v 8.243810 15.321522 -1.908686
v 8.028364 15.406256 -1.498267
v 8.028364 15.549615 -1.617176
v 8.071158 14.473749 -1.496086
v 8.071157 14.591336 -1.571679
v 8.067805 14.772204 -1.692312
v 8.071126 15.002743 -1.766814
v 8.083065 14.536524 -1.741109
v 8.087679 14.404655 -1.614040
v 8.079176 14.713964 -1.852662
v 8.087999 15.156235 -1.950392
v 8.088000 14.985094 -1.935776
v 8.077852 15.199919 -1.780805
v 8.072823 15.315381 -1.651518
v 8.064045 15.442742 -1.766571
v 7.704182 15.351985 -1.484650
v 7.704181 15.470953 -1.597439
v 7.698208 14.550889 -1.515447
v 7.698207 14.654855 -1.537048
v 7.698675 14.824994 -1.628883
v 7.698211 15.004958 -1.694293
v 7.696546 14.596163 -1.756076
v 7.695900 14.487357 -1.634796
v 7.697088 14.744672 -1.860369
v 7.695856 15.121200 -1.941601
v 7.695855 14.974680 -1.933163
v 7.697272 15.158940 -1.686756
v 7.697973 15.274105 -1.590587
v 7.699200 15.373851 -1.749285
v 7.410796 15.166666 -1.555900
v 7.408937 14.745261 -1.553186
v 7.408442 14.949936 -1.542458
v 7.407370 14.609272 -1.679013
v 7.407980 14.769539 -1.855075
v 7.407110 15.009069 -1.937285
v 7.409472 15.266487 -1.736495
v 1.064351 15.549451 -1.617134
v 0.000000 16.064255 -0.866456
v 0.580163 16.082203 -1.047461
v 0.762297 16.065464 -1.616591
v 0.407868 16.065462 -2.164587
v -0.000000 16.065460 -2.298120
v 0.845838 11.086020 -1.070935
v -0.000000 10.965070 -0.771576
v 0.838735 11.250340 -2.796702
v -0.000000 11.250343 -3.033216
v 1.675608 11.279984 -2.282043
v 1.675608 11.263933 -1.639768
v 0.000000 15.828041 -0.856410
v 0.402477 15.829530 -2.161023
v 0.575632 15.846354 -1.038319
v 0.758675 15.829532 -1.610290
v -0.000000 15.829530 -2.295222
v -0.000000 15.713614 -0.848828
v 0.398407 15.742907 -2.158334
v 0.572212 15.759793 -1.031419
v 0.755942 15.742908 -1.605535
v -0.000000 15.742907 -2.293036
v 1.243559 15.398516 -1.257280
v 1.202909 14.226494 -0.543938
v 1.212716 14.494397 -0.626196
v 1.075643 12.908874 -1.054559
v 1.000899 11.787457 -1.294402
v 1.176345 15.105012 -0.916664
v 1.262754 15.521461 -1.626679
v 1.226442 15.302028 -1.019339
v 1.199874 15.278065 -2.223975
v 0.973725 12.992161 -2.263474
v 0.910679 11.856129 -2.284071
v 1.092632 14.529713 -2.433758
v 1.036264 15.110846 -2.339155
v 1.232547 15.399201 -1.930084
v 1.058542 14.400535 -2.381636
v 1.240906 15.445975 -1.955324
v 0.678402 15.325201 -2.410493
v 1.252317 15.445264 -1.258164
v 0.841858 15.353501 -0.799513
v 0.841858 14.255173 -0.235828
v 1.220357 14.508416 -0.604235
v 0.834597 14.423178 -2.545222
v 1.095926 14.545012 -2.477231
v 1.060602 14.411157 -2.423222
v 1.209847 14.233180 -0.524750
v 0.972715 12.951800 -2.300783
v 0.735705 12.943407 -2.446539
v 1.078322 12.865498 -1.048105
v 0.742188 12.793425 -0.774683
v 1.272207 15.572659 -1.640935
v 1.066621 15.601664 -1.631046
v 1.182669 15.141135 -0.905219
v 1.234580 15.345284 -1.011610
v 1.207051 15.320453 -2.259853
v 1.037517 15.147181 -2.379203
v 0.841858 14.975014 -0.605266
v 0.847440 14.963003 -0.636587
v 1.196246 14.913201 -0.796791
v 1.188293 14.904422 -0.821244
v 0.841858 14.702385 -0.465347
v 1.205031 14.623410 -0.687567
v 1.213108 14.630114 -0.662127
v 0.847440 14.688976 -0.495950
v 0.861210 14.939724 -0.599345
v 1.159986 14.888186 -0.761111
v 1.170242 14.678821 -0.660121
v 0.868084 14.737633 -0.499958
v 0.987993 14.917854 -0.667989
v 1.019125 14.912484 -0.684844
v 0.990605 14.801937 -0.610143
v 1.021702 14.797038 -0.627219
v 0.823410 14.691113 -0.432015
v 0.823410 14.990524 -0.585680
v 0.829540 14.676385 -0.465625
v 0.829540 14.977334 -0.620078
v 1.231133 14.611740 -0.648127
v 1.212614 14.922640 -0.796021
v 1.222262 14.604378 -0.676067
v 1.203879 14.912997 -0.822877
v 1.018092 14.921851 -0.673076
v 1.172791 14.895167 -0.756835
v 1.184056 14.665232 -0.645924
v 0.852213 14.729822 -0.470026
v 0.844663 14.951767 -0.579177
v 0.983902 14.927750 -0.654565
v 0.986770 14.800445 -0.591037
v 1.020922 14.795063 -0.609789
v -1.899961 17.615129 -0.775966
v -1.158521 19.497910 -0.781736
v -1.719182 18.707619 -0.797840
v -0.953678 17.615131 0.004372
v -0.515289 16.369404 -0.535178
v -0.863289 18.468876 -0.122018
v -0.805275 19.654848 -0.397760
v -1.417825 16.856110 -0.801486
v -0.698028 16.807629 -0.265403
v -1.724144 17.615129 -1.949760
v -1.543365 18.707619 -1.852857
v -1.242008 16.856110 -1.611962
v -1.071721 17.615128 -2.788184
v -0.890942 18.707619 -2.740189
v -0.589584 16.856110 -2.275715
v -0.778614 19.609802 -1.561942
v -0.771386 16.369184 -1.632401
v -0.421399 16.369183 -2.173530
v -0.591534 16.385714 -1.070403
v -0.999393 16.630348 -0.958340
v -0.753208 15.597412 -1.600780
v -0.394338 15.597410 -2.155644
v -0.568792 15.614361 -1.024519
v -1.588154 15.475554 -1.642332
v -0.689695 15.282647 -2.369352
v -0.847440 15.309958 -0.814652
v -1.667719 14.797821 -2.284135
v -1.667719 14.349203 -1.295521
v -1.667719 14.798828 -1.069068
v -1.667719 15.292795 -1.257658
v -1.667719 15.273863 -2.090661
v -1.667719 14.178816 -1.730954
v -1.667719 14.368134 -2.052796
v -0.847439 14.250000 -0.270659
v -0.840432 14.412136 -2.499374
v -1.482074 12.996020 -1.385162
v -1.482074 13.010163 -1.950849
v -0.751251 12.839317 -0.790689
v -0.744996 12.984060 -2.404139
v -1.332071 11.858466 -1.521430
v -1.332071 11.871053 -2.024924
v -0.681597 11.718993 -1.075509
v -0.676028 11.847818 -2.428377
v -1.485165 10.975679 -1.722453
v -1.510259 10.990550 -2.468974
v -0.716182 10.810802 -1.074433
v -0.909826 10.947147 -3.027731
v -4.261871 15.422901 -1.651011
v -4.322011 14.910645 -2.136111
v -4.322011 14.571560 -1.388878
v -4.322011 14.911405 -1.217716
v -4.322011 15.284763 -1.360259
v -4.322011 15.270454 -1.989876
v -4.322011 14.442776 -1.717995
v -4.322011 14.585870 -1.961256
v -4.857546 15.392187 -1.686221
v -4.913973 14.911533 -2.087925
v -4.913974 14.593369 -1.469152
v -4.913973 14.912247 -1.327414
v -4.913974 15.262573 -1.445454
v -4.913974 15.249146 -1.966830
v -4.913974 14.472528 -1.741690
v -4.913973 14.606795 -1.943130
v -7.036327 15.278080 -1.717602
v -7.046546 14.914835 -1.950055
v -7.046546 14.674387 -1.591991
v -7.046547 14.915373 -1.509972
v -7.046547 15.180126 -1.578278
v -7.046546 15.169979 -1.879981
v -7.046546 14.583063 -1.749699
v -7.046546 14.684532 -1.866266
v -0.318279 9.814935 -3.115517
v -1.242289 9.802587 -2.811419
v -1.852953 9.795650 -1.979869
v -1.191886 9.806855 -0.969507
v -0.340290 9.818819 -0.871723
v -0.230384 6.806125 -1.771145
v -0.557807 6.800566 -2.374031
v -1.255567 6.791618 -2.368663
v -1.533750 6.786592 -1.791944
v -1.233452 6.794709 -1.152853
v -0.702900 6.803377 -1.106354
v -0.230384 6.240600 -1.712337
v -0.557807 6.235044 -2.264161
v -1.255567 6.226095 -2.259247
v -1.533750 6.221066 -1.731374
v -1.233452 6.229179 -1.146412
v -0.702900 6.237848 -1.103852
v -0.230385 5.740834 -1.695144
v -0.557807 5.735286 -2.246968
v -1.255567 5.726337 -2.242054
v -1.533750 5.721300 -1.714182
v -1.233452 5.729405 -1.129220
v -0.702900 5.738072 -1.086659
v -0.230385 5.185364 -1.777949
v -0.557807 5.179818 -2.348180
v -1.255567 5.170870 -2.343103
v -1.533751 5.165831 -1.797622
v -1.233453 5.173933 -1.193148
v -0.702900 5.182601 -1.149168
v -0.477391 1.071599 -1.830093
v -0.687364 1.067136 -2.195776
v -1.134829 1.059932 -2.192520
v -1.313262 1.055842 -1.842717
v -1.120764 1.062353 -1.455078
v -0.780504 1.069399 -1.426857
v -0.390351 0.791984 -1.785877
v -0.641625 0.786160 -2.322101
v -1.177500 0.777167 -2.317418
v -1.391605 0.771010 -1.804897
v -1.161627 0.779480 -1.236436
v -0.754272 0.789411 -1.194703
v -0.256834 0.455322 -1.752748
v -0.571195 0.447135 -2.491902
v -1.241469 0.434732 -2.485037
v -1.508915 0.427128 -1.781998
v -1.364836 0.437318 -0.274170
v -0.602633 0.451113 -0.153482
v -0.588234 0.156816 -0.083015
v -1.382805 0.142320 -0.207101
v -1.257243 0.139196 -2.538622
v -0.551266 0.153020 -2.545670
v -0.595277 -0.035063 -0.023362
v -1.370646 -0.049143 -0.149996
v -1.459948 -0.059519 -1.934359
v -1.245941 -0.052276 -2.573614
v -0.561152 -0.038556 -2.580900
v -0.299897 -0.030763 -1.902445
v -1.436403 -0.056601 -1.651492
v -0.384410 -0.031861 -1.560708
v -1.460730 0.111108 -1.934350
v -0.300533 0.139829 -1.902444
v -1.437162 0.114000 -1.651489
v -0.385209 0.138636 -1.560730
v -0.678904 5.204226 -1.082442
v -1.268377 5.194538 -1.131307
v -1.602026 5.185482 -1.802912
v -1.292948 5.191114 -2.408972
v -0.517697 5.201117 -2.414614
v -0.153912 5.207314 -1.781055
v -8.726215 14.445524 -1.480031
v -8.958139 14.445524 -1.480030
v -8.726213 14.571065 -1.560738
v -8.958139 14.571066 -1.560737
v -8.726213 14.490358 -1.686278
v -8.958141 14.490358 -1.686278
v -8.726212 14.364819 -1.605571
v -8.958141 14.364819 -1.605572
v -9.194004 14.571499 -1.560065
v -9.170547 14.445959 -1.479358
v -9.145620 14.497044 -1.675883
v -9.122164 14.371502 -1.595176
v -8.524988 14.448148 -1.475952
v -8.524988 14.573689 -1.556657
v -8.514894 14.493243 -1.681791
v -8.514893 14.367702 -1.601086
v -8.831930 14.589756 -1.627245
v -9.121378 14.589756 -1.627244
v -8.831930 14.764715 -1.691126
v -9.121376 14.764715 -1.691126
v -8.831932 14.700834 -1.866086
v -9.121376 14.700832 -1.866086
v -8.831934 14.525874 -1.802204
v -9.121378 14.525873 -1.802203
v -9.415737 14.765057 -1.690196
v -9.388227 14.590096 -1.626313
v -9.355349 14.706121 -1.851604
v -9.327839 14.531162 -1.787721
v -8.580801 14.591831 -1.621566
v -8.580801 14.766790 -1.685448
v -8.568207 14.703115 -1.859840
v -8.568207 14.528155 -1.795959
v -8.776611 15.012407 -1.771009
v -9.066059 15.012407 -1.771006
v -8.776613 15.197989 -1.786857
v -9.066061 15.197987 -1.786854
v -8.776617 15.182140 -1.972441
v -9.066061 15.182140 -1.972437
v -8.776617 14.996557 -1.956591
v -9.066059 14.996557 -1.956589
v -9.360422 15.198072 -1.785872
v -9.396540 15.012491 -1.770024
v -9.300032 15.183451 -1.957078
v -9.336147 14.997869 -1.941230
v -8.525480 15.012920 -1.764989
v -8.525480 15.198503 -1.780837
v -8.512890 15.182707 -1.965817
v -8.512892 14.997124 -1.949969
v -8.344568 15.330414 -1.620327
v -8.634014 15.330416 -1.620327
v -8.344566 15.449326 -1.476965
v -8.634014 15.449326 -1.476966
v -8.344566 15.592686 -1.595875
v -8.634012 15.592688 -1.595876
v -8.344568 15.473774 -1.739237
v -8.634012 15.473776 -1.739237
v -8.928371 15.448561 -1.476331
v -8.928371 15.329651 -1.619693
v -8.867983 15.580818 -1.586032
v -8.867985 15.461908 -1.729393
v -8.902798 14.782714 -1.711638
v -9.192245 14.782713 -1.711638
v -8.902800 14.963370 -1.756972
v -9.192245 14.963369 -1.756971
v -8.902800 14.918037 -1.937628
v -9.192244 14.918036 -1.937628
v -8.902800 14.737380 -1.892294
v -9.192245 14.737381 -1.892294
v -9.488029 14.963614 -1.756010
v -9.486609 14.782957 -1.710677
v -9.427641 14.921791 -1.922675
v -9.426218 14.741135 -1.877342
v -8.651670 14.784185 -1.705776
v -8.651670 14.964842 -1.751108
v -8.639076 14.919657 -1.931179
v -8.639078 14.739000 -1.885845
v -8.353552 14.442629 -1.473177
v -8.353552 14.570139 -1.555149
v -8.349918 14.766270 -1.685961
v -8.353518 15.016260 -1.766752
v -8.353519 15.204754 -1.782848
v -8.371468 14.462132 -1.707734
v -8.371468 14.367702 -1.601084
v -8.362246 14.703115 -1.859842
v -8.371817 15.182705 -1.965820
v -8.371817 14.997124 -1.949971
v -8.361458 14.528156 -1.795958
v -8.239832 15.249992 -1.755825
v -8.243813 15.321516 -1.908690
v -8.028368 15.406250 -1.498269
v -8.028368 15.549610 -1.617178
v -8.071157 14.473745 -1.496088
v -8.071156 14.591332 -1.571682
v -8.067806 14.772202 -1.692315
v -8.071127 15.002739 -1.766817
v -8.083063 14.536520 -1.741110
v -8.087681 14.404652 -1.614043
v -8.079176 14.713963 -1.852664
v -8.087999 15.156231 -1.950395
v -8.087999 14.985091 -1.935779
v -8.077856 15.199913 -1.780807
v -8.072826 15.315376 -1.651520
v -8.064049 15.442738 -1.766574
v -7.704183 15.351982 -1.484651
v -7.704181 15.470949 -1.597439
v -7.698207 14.550886 -1.515447
v -7.698206 14.654852 -1.537048
v -7.698675 14.824991 -1.628884
v -7.698211 15.004955 -1.694294
v -7.696544 14.596161 -1.756077
v -7.695899 14.487354 -1.634797
v -7.697088 14.744669 -1.860369
v -7.695855 15.121197 -1.941602
v -7.695855 14.974678 -1.933163
v -7.697273 15.158937 -1.686757
v -7.697975 15.274101 -1.590588
v -7.699201 15.373848 -1.749285
v -7.410796 15.166664 -1.555900
v -7.408935 14.745260 -1.553186
v -7.408441 14.949935 -1.542458
v -7.407368 14.609272 -1.679012
v -7.407979 14.769539 -1.855074
v -7.407108 15.009068 -1.937285
v -7.409472 15.266485 -1.736495
v -1.064351 15.549451 -1.617134
v -0.580163 16.082203 -1.047461
v -0.762297 16.065464 -1.616591
v -0.407869 16.065462 -2.164588
v -0.845838 11.086020 -1.070935
v -0.838735 11.250340 -2.796702
v -1.675609 11.279984 -2.282043
v -1.675609 11.263933 -1.639768
v -0.402477 15.829530 -2.161023
v -0.575632 15.846354 -1.038319
v -0.758675 15.829532 -1.610290
v -0.398408 15.742907 -2.158334
v -0.572212 15.759793 -1.031419
v -0.755942 15.742908 -1.605535
v -1.243560 15.398516 -1.257279
v -1.202909 14.226494 -0.543938
v -1.212715 14.494397 -0.626196
v -1.075644 12.908874 -1.054559
v -1.000900 11.787457 -1.294401
v -1.176345 15.105012 -0.916664
v -1.262754 15.521461 -1.626678
v -1.226442 15.302028 -1.019338
v -1.199874 15.278065 -2.223974
v -0.973726 12.992161 -2.263474
v -0.910679 11.856129 -2.284071
v -1.092632 14.529713 -2.433758
v -1.036264 15.110846 -2.339155
v -1.232547 15.399201 -1.930084
v -1.058542 14.400535 -2.381636
v -1.240907 15.445975 -1.955324
v -0.678403 15.325201 -2.410494
v -1.252317 15.445264 -1.258164
v -0.841858 15.353501 -0.799513
v -0.841858 14.255173 -0.235828
v -1.220356 14.508416 -0.604236
v -0.834597 14.423178 -2.545222
v -1.095926 14.545012 -2.477232
v -1.060602 14.411157 -2.423222
v -1.209847 14.233180 -0.524750
v -0.972715 12.951800 -2.300783
v -0.735706 12.943407 -2.446539
v -1.078323 12.865498 -1.048105
v -0.742188 12.793425 -0.774683
v -1.272207 15.572659 -1.640935
v -1.066621 15.601664 -1.631046
v -1.182670 15.141135 -0.905219
v -1.234580 15.345284 -1.011610
v -1.207051 15.320453 -2.259853
v -1.037518 15.147181 -2.379203
v -0.841858 14.975014 -0.605266
v -0.847439 14.963003 -0.636587
v -1.196246 14.913201 -0.796791
v -1.188293 14.904422 -0.821244
v -0.841858 14.702385 -0.465347
v -1.205031 14.623410 -0.687567
v -1.213108 14.630114 -0.662127
v -0.847440 14.688976 -0.495950
v -0.861210 14.939724 -0.599345
v -1.159986 14.888187 -0.761111
v -1.170242 14.678821 -0.660120
v -0.868084 14.737633 -0.499958
v -0.987993 14.917854 -0.667989
v -1.019125 14.912484 -0.684844
v -0.990605 14.801937 -0.610143
v -1.021702 14.797038 -0.627219
v -0.823410 14.691113 -0.432015
v -0.823410 14.990525 -0.585680
v -0.829540 14.676385 -0.465625
v -0.829540 14.977334 -0.620079
v -1.231133 14.611740 -0.648127
v -1.212614 14.922640 -0.796021
v -1.222262 14.604378 -0.676067
v -1.203880 14.912997 -0.822876
v -1.018092 14.921851 -0.673076
v -1.172791 14.895167 -0.756835
v -1.184056 14.665232 -0.645924
v -0.852213 14.729822 -0.470026
v -0.844663 14.951767 -0.579178
v -0.983902 14.927750 -0.654565
v -0.986770 14.800445 -0.591037
v -1.020923 14.795063 -0.609789
vn 0.4895 0.1864 0.8519
vn 0.8803 0.3579 0.3114
vn 0.4658 0.7137 0.5231
vn 0.5599 -0.4978 0.6624
vn -0.0000 -0.5811 0.8138
vn -0.0000 -0.9132 0.4076
vn 0.4416 -0.8554 0.2709
vn 0.5997 -0.0913 0.7950
vn 0.9268 -0.1776 0.3309
vn -0.0000 0.0528 0.9986
vn -0.0000 0.3520 0.9360
vn 0.6948 -0.6662 0.2710
vn -0.0000 0.6517 0.7585
vn 0.8860 -0.2291 -0.4031
vn 0.8344 0.4121 -0.3660
vn 0.6943 -0.6654 -0.2743
vn 0.5262 -0.2587 -0.8100
vn 0.4823 0.4000 -0.7794
vn 0.4471 -0.5403 -0.7129
vn -0.0000 -0.2769 -0.9609
vn -0.0000 0.3447 -0.9387
vn -0.0000 -0.4754 -0.8798
vn -0.0000 0.8164 -0.5775
vn -0.0000 0.9973 -0.0738
vn 0.4814 0.8285 -0.2860
vn 0.6738 0.7314 0.1049
vn 0.5542 -0.2364 -0.7981
vn -0.0000 -0.1786 -0.9839
vn 0.8840 -0.4073 -0.2292
vn 0.5329 -0.8462 0.0063
vn 0.6849 -0.6318 0.3629
vn -0.0000 -0.7652 0.6438
vn 0.7019 0.0241 0.7119
vn -0.0000 0.0536 0.9986
vn -0.0000 0.4283 0.9036
vn 0.5277 0.4968 0.6890
vn 0.9912 -0.0305 -0.1286
vn 0.7879 0.6051 -0.1146
vn -0.0000 -0.0288 -0.9996
vn 0.6130 -0.0382 -0.7891
vn 0.4847 0.4420 -0.7548
vn -0.0000 0.3745 -0.9272
vn -0.0000 0.5253 0.8509
vn 0.2674 0.6727 0.6899
vn 0.3025 0.5613 -0.7704
vn -0.0000 0.4314 -0.9021
vn 0.4207 0.9058 -0.0498
vn -0.9861 0.0323 -0.1628
vn -0.9745 0.1283 -0.1840
vn -0.5563 -0.2351 0.7970
vn -0.4149 0.0227 0.9096
vn 0.4018 0.0742 0.9127
vn 0.1920 0.7045 0.6832
vn 0.4031 0.5589 0.7247
vn 0.4697 0.3506 0.8102
vn 0.9750 -0.1095 -0.1933
vn 0.9791 -0.1947 0.0584
vn 0.7993 0.4210 0.4288
vn 0.8572 0.1295 0.4985
vn 0.1972 -0.0276 -0.9800
vn 0.2201 0.2797 -0.9345
vn 0.2263 0.5893 -0.7756
vn 0.1121 0.7087 -0.6965
vn -0.0000 0.0145 0.9999
vn 0.2526 0.0895 0.9634
vn 0.1898 0.4072 0.8934
vn 0.2653 0.0517 -0.9628
vn -0.0000 0.0559 -0.9984
vn 0.3413 -0.2223 -0.9133
vn 0.4159 -0.4931 -0.7641
vn 0.4577 -0.2804 -0.8438
vn 0.6164 -0.4837 0.6214
vn 0.7489 0.0242 0.6622
vn 0.7932 -0.1802 0.5817
vn 0.9825 -0.1857 -0.0155
vn 0.9816 -0.1894 -0.0259
vn 0.7953 0.5282 -0.2975
vn 0.7538 0.6557 -0.0425
vn 0.2675 -0.0408 -0.9627
vn -0.0000 -0.0412 -0.9992
vn -0.0000 -0.2998 0.9540
vn 0.3191 -0.2863 0.9034
vn 0.7021 -0.2068 0.6814
vn 0.9123 -0.1888 0.3633
vn 0.7891 -0.6120 -0.0528
vn 0.8678 -0.1231 -0.4815
vn -0.9786 -0.0566 -0.1979
vn -0.8880 -0.0406 -0.4581
vn -0.0732 0.9267 -0.3686
vn -0.5699 0.6168 0.5428
vn -0.0000 -0.0742 0.9972
vn 0.4588 -0.0624 0.8863
vn 0.5894 -0.0332 0.8072
vn 0.8581 0.0745 0.5081
vn 0.8319 0.2943 -0.4704
vn 0.3707 0.2944 -0.8808
vn -0.0000 0.3166 -0.9486
vn -0.0000 0.0105 0.9999
vn 0.5040 -0.1044 0.8574
vn 0.9122 -0.0390 0.4079
vn 0.4116 0.2458 -0.8776
vn -0.0000 0.2202 -0.9755
vn -0.0000 0.5735 -0.8192
vn 0.3498 0.5308 -0.7719
vn 0.5004 0.2767 -0.8204
vn 0.9119 0.1592 -0.3782
vn 0.0647 -0.6813 -0.7292
vn 0.0805 -0.9939 -0.0748
vn 0.1015 0.9948 -0.0113
vn 0.0404 0.9991 0.0153
vn 0.0407 0.6893 -0.7233
vn 0.1114 -0.0435 0.9928
vn 0.0827 0.6688 0.7388
vn 0.1034 -0.7206 0.6856
vn 0.0616 -0.0469 -0.9970
vn 0.0495 -0.6473 -0.7607
vn 0.0589 -0.9941 -0.0911
vn 0.0631 0.9980 0.0010
vn 0.0537 0.6556 -0.7532
vn 0.1245 -0.0464 0.9911
vn 0.1007 0.6452 0.7573
vn 0.0942 -0.7046 0.7033
vn 0.0621 -0.0490 -0.9969
vn 0.0554 -0.0654 -0.9963
vn 0.1034 -0.5975 -0.7952
vn 0.0460 0.5962 0.8015
vn 0.0665 0.9970 -0.0387
vn 0.0508 0.5941 -0.8028
vn 0.0423 -0.6228 0.7813
vn 0.0473 -0.0362 0.9982
vn 0.0957 -0.9907 -0.0969
vn 0.8887 -0.1629 0.4285
vn 0.9997 0.0230 -0.0116
vn 0.8357 0.1477 -0.5289
vn 0.5266 0.0794 0.8464
vn 0.4396 -0.0033 0.8982
vn -0.2838 -0.1757 0.9426
vn -0.0000 -0.1137 0.9935
vn -0.0000 -0.4448 0.8956
vn -0.0000 -0.9443 0.3291
vn 0.5741 -0.0900 -0.8138
vn -0.4171 -0.2427 -0.8758
vn -0.0000 -0.9010 -0.4337
vn 0.5366 -0.1531 -0.8298
vn -0.5009 -0.1726 -0.8481
vn -0.4236 -0.0401 0.9050
vn 0.5590 -0.0191 0.8289
vn 0.9985 -0.0525 -0.0159
vn -0.9951 -0.0758 0.0631
vn 0.5612 0.0241 0.8273
vn 0.9999 -0.0103 0.0047
vn 0.5342 -0.0899 -0.8406
vn -0.5074 -0.0918 -0.8568
vn -0.4088 0.0271 0.9122
vn -0.9972 -0.0098 0.0741
vn -0.3970 -0.0380 0.9170
vn 0.5455 -0.0352 0.8374
vn 0.9998 0.0014 0.0216
vn 0.5375 0.0606 -0.8411
vn -0.5076 0.0611 -0.8594
vn -0.9956 -0.0014 0.0941
vn -0.9999 0.0103 0.0084
vn -0.4150 -0.1088 0.9033
vn 0.5755 -0.0975 0.8119
vn 0.9987 0.0158 -0.0485
vn 0.4971 0.1515 -0.8544
vn -0.4613 0.1546 -0.8737
vn 0.5506 -0.0848 0.8304
vn -0.4088 -0.0857 0.9086
vn -0.4437 0.2828 0.8504
vn 0.6062 0.2615 0.7511
vn 0.5216 -0.0645 -0.8507
vn 0.9976 -0.0698 -0.0017
vn 0.9901 0.1381 -0.0264
vn 0.5486 0.1741 -0.8178
vn -0.9948 -0.0786 0.0649
vn -0.5033 -0.0663 -0.8616
vn -0.5138 0.1768 -0.8395
vn -0.9853 0.1680 0.0310
vn 0.5241 0.4165 -0.7429
vn -0.4880 0.4267 -0.7614
vn -0.3867 0.7898 0.4761
vn 0.5289 0.7389 0.4174
vn 0.9138 0.4025 -0.0545
vn -0.8815 0.4719 -0.0169
vn -0.5229 0.2958 -0.7995
vn -0.9718 0.2337 -0.0321
vn -0.5126 0.4955 0.7013
vn 0.6415 0.5064 0.5763
vn 0.9736 0.2120 -0.0845
vn 0.5537 0.2852 -0.7823
vn -0.9795 -0.1019 0.1738
vn -0.9726 -0.0231 -0.2315
vn 0.9720 -0.0144 -0.2345
vn 0.5986 0.1281 -0.7907
vn -0.6137 0.1452 0.7761
vn -0.5697 0.1328 -0.8110
vn 0.7624 0.1333 0.6332
vn 0.9947 -0.0802 0.0638
vn -0.0166 -0.9999 0.0024
vn 0.5484 0.1208 -0.8275
vn -0.5074 0.1234 -0.8528
vn 0.9482 0.0038 -0.3177
vn 0.0265 -0.0000 0.9996
vn -0.0197 -0.9998 0.0047
vn -0.5068 0.2266 0.8317
vn 0.6745 0.1947 0.7121
vn -0.0190 -0.9998 -0.0002
vn -0.0849 -0.0000 -0.9964
vn 0.1388 0.9644 0.2253
vn -0.1309 0.9661 0.2227
vn -0.1233 0.9660 0.2270
vn 0.1433 0.9643 0.2226
vn -0.2776 0.9606 -0.0105
vn -0.1549 0.9602 -0.2325
vn -0.1387 0.9604 -0.2417
vn -0.2766 0.9610 0.0036
vn 0.1402 0.9556 -0.2592
vn 0.2770 0.9601 -0.0386
vn 0.2762 0.9610 -0.0138
vn 0.1261 0.9561 -0.2644
vn 0.9988 -0.0247 0.0421
vn -0.9908 0.0008 0.1350
vn -0.9322 0.0069 -0.3619
vn 0.0085 -0.2162 0.9763
vn -0.0013 -0.2129 0.9771
vn -0.0013 0.9773 0.2118
vn 0.0085 0.9780 0.2086
vn 0.0251 0.2012 -0.9792
vn -0.0090 0.2085 -0.9780
vn 0.6233 -0.2429 0.7433
vn 0.7200 0.6843 0.1154
vn 0.0251 -0.9747 -0.2222
vn -0.0090 -0.9763 -0.2163
vn 0.4404 -0.8771 -0.1915
vn 0.5270 0.1317 -0.8396
vn 0.0138 -0.2072 0.9782
vn 0.0452 -0.9830 -0.1778
vn 0.3613 -0.6659 -0.6527
vn 0.2431 0.6388 0.7300
vn 0.0085 -0.4252 0.9051
vn -0.0012 -0.4222 0.9065
vn -0.0013 0.9070 0.4212
vn 0.0085 0.9083 0.4182
vn 0.0250 0.4113 -0.9112
vn -0.0089 0.4181 -0.9084
vn 0.6265 -0.3980 0.6701
vn 0.7175 0.6453 0.2624
vn 0.0250 -0.9022 -0.4307
vn -0.0089 -0.9050 -0.4252
vn 0.4429 -0.8120 -0.3800
vn 0.5244 0.3149 -0.7911
vn 0.5726 -0.3526 0.7402
vn 0.1353 -0.8235 -0.5509
vn 0.0889 -0.3146 -0.9450
vn 0.1643 0.4114 0.8965
vn 0.0085 -0.6473 0.7622
vn -0.0011 -0.6448 0.7644
vn -0.0011 0.7650 0.6440
vn 0.0085 0.7672 0.6414
vn 0.0218 0.6376 -0.7700
vn -0.0089 0.6413 -0.7672
vn 0.7298 -0.4604 0.5054
vn 0.6110 0.6560 0.4430
vn 0.0218 -0.7579 -0.6520
vn -0.0089 -0.7621 -0.6474
vn 0.5342 -0.6075 -0.5879
vn 0.4275 0.5835 -0.6905
vn 0.1517 0.1708 0.9736
vn 0.0910 -0.2191 -0.9715
vn -0.0013 0.6441 -0.7650
vn 0.0124 0.7601 0.6497
vn 0.2641 -0.9499 0.1674
vn -0.0012 -0.9956 -0.0934
vn -0.0012 -0.0923 0.9957
vn -0.0426 -0.0792 0.9959
vn 0.0235 0.9963 0.0828
vn -0.0638 0.9919 0.1103
vn 0.6744 -0.7275 -0.1260
vn 0.6744 -0.0106 0.7383
vn 0.0235 0.1028 -0.9944
vn 0.2548 0.3532 -0.9002
vn 0.4830 0.1056 -0.8692
vn 0.4830 0.8738 0.0569
vn 0.0085 -0.5171 0.8559
vn -0.0012 -0.5142 0.8577
vn -0.0012 0.8582 0.5133
vn 0.0085 0.8599 0.5104
vn 0.0234 0.5050 -0.8628
vn -0.0089 0.5103 -0.8599
vn 0.6720 -0.4299 0.6030
vn 0.6767 0.6589 0.3284
vn 0.0234 -0.8525 -0.5221
vn -0.0089 -0.8559 -0.5171
vn 0.4808 -0.7400 -0.4703
vn 0.4851 0.4270 -0.7631
vn 0.1867 -0.4559 0.8702
vn 0.0748 -0.7967 -0.5997
vn 0.1073 0.4102 -0.9057
vn 0.1823 0.8001 0.5715
vn -0.0058 0.5476 0.8367
vn -0.0510 -0.2554 0.9655
vn 0.2567 0.6137 0.7467
vn -0.0064 0.1933 0.9811
vn -0.0073 0.4365 0.8997
vn -0.0378 -0.3446 -0.9380
vn -0.0204 -0.1882 -0.9819
vn 0.1275 0.5413 -0.8311
vn -0.0133 -0.9917 -0.1281
vn 0.0128 -0.7782 -0.6278
vn -0.0394 -0.6514 -0.7577
vn 0.3024 0.5945 -0.7451
vn 0.5693 -0.5450 0.6155
vn -0.1686 0.9820 0.0846
vn -0.0075 -0.1229 0.9924
vn 0.1002 0.1816 0.9783
vn 0.0917 0.4278 0.8992
vn -0.0992 -0.2922 0.9512
vn -0.1591 -0.9788 -0.1291
vn -0.0898 -0.6272 -0.7737
vn -0.0479 -0.4024 -0.9142
vn 0.0658 0.5029 0.8618
vn -0.0236 -0.1884 -0.9818
vn -0.0974 0.2169 -0.9713
vn 0.1248 -0.3711 0.9202
vn 0.1123 -0.7833 0.6115
vn -0.1259 0.7093 -0.6936
vn -0.3020 -0.9500 -0.0787
vn -0.1212 -0.6640 -0.7379
vn -0.3177 0.7646 -0.5608
vn -0.3780 0.8996 0.2187
vn -0.0105 -0.1924 -0.9813
vn -0.1081 0.3036 -0.9466
vn -0.0576 -0.4658 -0.8830
vn -0.1168 -0.0425 0.9922
vn -0.1986 -0.3430 0.9181
vn 0.0965 0.3897 0.9159
vn 0.3287 -0.2649 0.9065
vn 0.3095 0.1044 0.9451
vn 0.2942 -0.6638 0.6876
vn 0.2208 0.3436 0.9128
vn -0.1628 -0.9854 -0.0501
vn -0.2364 0.9197 -0.3134
vn 0.0228 0.3958 0.9181
vn -0.0218 0.1491 -0.9886
vn 0.0307 -0.5135 -0.8575
vn -0.0006 -0.3061 0.9520
vn 0.1979 -0.0041 0.9802
vn 0.9914 -0.0274 -0.1283
vn 0.6084 -0.0344 -0.7929
vn 0.9482 0.0267 -0.3164
vn 0.9605 -0.1573 0.2294
vn -0.0000 -0.0257 -0.9997
vn 0.6986 0.0275 0.7149
vn -0.0000 0.0585 0.9983
vn 0.9904 -0.0288 -0.1349
vn 0.6127 -0.0355 -0.7895
vn -0.0000 -0.0267 -0.9996
vn 0.7094 0.0216 0.7045
vn -0.0000 0.0525 0.9986
vn 0.1384 0.9900 -0.0265
vn 0.2077 0.9067 0.3672
vn 0.9919 -0.1258 0.0170
vn 0.9978 -0.0569 0.0345
vn 0.8801 -0.0735 -0.4691
vn 0.8457 -0.2609 -0.4656
vn 0.9546 -0.1004 -0.2803
vn 0.2547 -0.5952 -0.7622
vn 0.0060 -0.9692 0.2461
vn 0.9284 0.1641 0.3333
vn 0.4889 0.3983 0.7761
vn -0.9864 0.0706 0.1484
vn -0.9924 -0.0381 0.1171
vn -0.5319 -0.1132 -0.8392
vn -0.5700 -0.0075 -0.8216
vn 0.9905 -0.1346 0.0277
vn 0.7904 -0.0484 -0.6107
vn 0.1172 0.9144 -0.3875
vn 0.9829 -0.1843 -0.0064
vn 0.8106 0.5370 0.2333
vn 0.5101 -0.0633 -0.8578
vn -0.6704 0.5139 -0.5353
vn 0.7554 0.3325 -0.5646
vn 0.1256 0.9413 -0.3132
vn -0.4509 0.8916 0.0410
vn 0.9206 -0.0808 0.3822
vn 0.5886 0.0607 -0.8061
vn 0.9102 -0.3464 -0.2272
vn 0.9809 -0.1583 -0.1129
vn -0.9707 -0.0266 0.2389
vn -0.9984 0.0505 0.0266
vn 0.9534 -0.0302 -0.3003
vn -0.4717 0.8115 0.3449
vn -0.5014 0.6145 -0.6091
vn -0.2076 -0.9774 0.0391
vn -0.3944 -0.3823 0.8356
vn 0.5717 -0.1962 0.7967
vn -0.4949 -0.1623 0.8536
vn 0.2862 -0.0018 0.9582
vn 0.5804 0.3099 0.7531
vn 0.4598 0.0324 -0.8874
vn 0.2944 0.4992 -0.8149
vn 0.1525 -0.9645 -0.2158
vn 0.6293 0.7766 -0.0305
vn 0.0946 -0.9585 0.2689
vn -0.8324 -0.3682 -0.4141
vn 0.5656 -0.6521 0.5048
vn 0.5995 0.5578 0.5740
vn 0.0662 0.6099 0.7897
vn 0.0835 -0.0826 0.9931
vn 0.7313 -0.2114 0.6485
vn 0.9039 -0.0873 0.4188
vn -0.6867 -0.7047 0.1782
vn 0.5421 0.4399 0.7160
vn 0.6524 0.1941 0.7326
vn 0.3231 0.2711 0.9067
vn 0.3999 0.5090 0.7622
vn -0.4571 -0.3813 0.8035
vn 0.6185 -0.6096 0.4959
vn -0.4895 0.1864 0.8519
vn -0.4658 0.7137 0.5231
vn -0.8803 0.3579 0.3114
vn -0.5599 -0.4978 0.6624
vn -0.4416 -0.8554 0.2709
vn -0.5997 -0.0913 0.7950
vn -0.9268 -0.1776 0.3309
vn -0.6948 -0.6662 0.2710
vn -0.8344 0.4121 -0.3660
vn -0.8860 -0.2291 -0.4031
vn -0.6943 -0.6654 -0.2743
vn -0.4823 0.4000 -0.7794
vn -0.5262 -0.2587 -0.8100
vn -0.4471 -0.5403 -0.7129
vn -0.4814 0.8285 -0.2860
vn -0.6738 0.7314 0.1049
vn -0.5542 -0.2364 -0.7981
vn -0.8840 -0.4073 -0.2292
vn -0.5329 -0.8462 0.0063
vn -0.6849 -0.6318 0.3629
vn -0.7019 0.0241 0.7119
vn -0.5277 0.4968 0.6890
vn -0.9912 -0.0305 -0.1286
vn -0.7879 0.6051 -0.1146
vn -0.4847 0.4420 -0.7548
vn -0.6130 -0.0382 -0.7891
vn -0.2674 0.6727 0.6899
vn -0.3025 0.5613 -0.7704
vn -0.4207 0.9058 -0.0498
vn 0.9861 0.0323 -0.1628
vn 0.4149 0.0227 0.9096
vn 0.5563 -0.2351 0.7970
vn 0.9745 0.1283 -0.1840
vn -0.4018 0.0742 0.9127
vn -0.4697 0.3506 0.8102
vn -0.4031 0.5589 0.7247
vn -0.1920 0.7045 0.6832
vn -0.9750 -0.1095 -0.1933
vn -0.8572 0.1295 0.4985
vn -0.7993 0.4210 0.4288
vn -0.9791 -0.1947 0.0584
vn -0.1972 -0.0276 -0.9800
vn -0.1121 0.7087 -0.6965
vn -0.2263 0.5893 -0.7756
vn -0.2201 0.2797 -0.9345
vn -0.1898 0.4072 0.8934
vn -0.2526 0.0895 0.9634
vn -0.2653 0.0517 -0.9628
vn -0.3413 -0.2223 -0.9133
vn -0.4159 -0.4931 -0.7641
vn -0.4577 -0.2804 -0.8438
vn -0.6164 -0.4837 0.6214
vn -0.7932 -0.1802 0.5817
vn -0.7489 0.0242 0.6622
vn -0.9825 -0.1857 -0.0155
vn -0.7538 0.6557 -0.0425
vn -0.7953 0.5282 -0.2975
vn -0.9816 -0.1894 -0.0259
vn -0.2675 -0.0408 -0.9627
vn -0.3191 -0.2863 0.9034
vn -0.9123 -0.1888 0.3633
vn -0.7021 -0.2068 0.6814
vn -0.7891 -0.6120 -0.0528
vn -0.8678 -0.1231 -0.4815
vn 0.9786 -0.0566 -0.1979
vn 0.5699 0.6168 0.5428
vn 0.0732 0.9267 -0.3687
vn 0.8880 -0.0406 -0.4581
vn -0.4588 -0.0624 0.8863
vn -0.8581 0.0745 0.5081
vn -0.5894 -0.0332 0.8072
vn -0.8319 0.2943 -0.4704
vn -0.3707 0.2944 -0.8808
vn -0.5040 -0.1044 0.8574
vn -0.9122 -0.0390 0.4079
vn -0.4116 0.2458 -0.8776
vn -0.3498 0.5308 -0.7719
vn -0.9119 0.1592 -0.3782
vn -0.5004 0.2767 -0.8204
vn -0.0805 -0.9939 -0.0748
vn -0.0647 -0.6813 -0.7292
vn -0.0407 0.6893 -0.7233
vn -0.0404 0.9991 0.0153
vn -0.1015 0.9948 -0.0113
vn -0.0827 0.6688 0.7388
vn -0.1114 -0.0435 0.9928
vn -0.1034 -0.7206 0.6856
vn -0.0616 -0.0469 -0.9970
vn -0.0589 -0.9941 -0.0911
vn -0.0495 -0.6473 -0.7607
vn -0.0537 0.6556 -0.7532
vn -0.0631 0.9980 0.0010
vn -0.1007 0.6452 0.7573
vn -0.1245 -0.0464 0.9911
vn -0.0942 -0.7046 0.7033
vn -0.0621 -0.0490 -0.9969
vn -0.1034 -0.5975 -0.7952
vn -0.0554 -0.0654 -0.9963
vn -0.0665 0.9970 -0.0387
vn -0.0461 0.5962 0.8015
vn -0.0508 0.5941 -0.8028
vn -0.0473 -0.0362 0.9982
vn -0.0423 -0.6228 0.7813
vn -0.0957 -0.9907 -0.0969
vn -0.8887 -0.1629 0.4285
vn -0.8357 0.1477 -0.5289
vn -0.9997 0.0230 -0.0116
vn -0.5266 0.0794 0.8464
vn -0.4396 -0.0033 0.8982
vn 0.2838 -0.1757 0.9426
vn -0.5741 -0.0900 -0.8138
vn 0.4171 -0.2427 -0.8758
vn 0.5009 -0.1726 -0.8481
vn -0.5366 -0.1531 -0.8298
vn -0.5590 -0.0191 0.8289
vn 0.4236 -0.0401 0.9050
vn -0.9985 -0.0525 -0.0159
vn 0.9951 -0.0758 0.0631
vn -0.9999 -0.0103 0.0047
vn -0.5612 0.0241 0.8273
vn 0.5074 -0.0918 -0.8568
vn -0.5342 -0.0899 -0.8406
vn 0.4088 0.0271 0.9122
vn 0.9972 -0.0098 0.0741
vn -0.5455 -0.0352 0.8374
vn 0.3970 -0.0380 0.9170
vn -0.5375 0.0606 -0.8411
vn -0.9998 0.0014 0.0216
vn 0.9956 -0.0014 0.0941
vn 0.5076 0.0611 -0.8594
vn 0.4150 -0.1088 0.9033
vn 0.9999 0.0103 0.0084
vn -0.9987 0.0158 -0.0485
vn -0.5755 -0.0975 0.8119
vn 0.4613 0.1546 -0.8737
vn -0.4971 0.1515 -0.8544
vn -0.5507 -0.0847 0.8304
vn -0.6064 0.2616 0.7509
vn 0.4436 0.2825 0.8505
vn 0.4088 -0.0857 0.9086
vn -0.5216 -0.0645 -0.8507
vn -0.5485 0.1741 -0.8178
vn -0.9900 0.1382 -0.0264
vn -0.9976 -0.0697 -0.0018
vn 0.9948 -0.0786 0.0650
vn 0.9853 0.1679 0.0311
vn 0.5139 0.1767 -0.8395
vn 0.5033 -0.0663 -0.8616
vn 0.4873 0.4275 -0.7614
vn -0.5249 0.4154 -0.7429
vn -0.5322 0.7371 0.4165
vn 0.3832 0.7911 0.4767
vn -0.9146 0.4007 -0.0552
vn 0.8806 0.4735 -0.0166
vn 0.9709 0.2375 -0.0314
vn 0.5221 0.2976 -0.7993
vn 0.5097 0.4977 0.7018
vn -0.9744 0.2079 -0.0852
vn -0.6443 0.5035 0.5756
vn -0.5546 0.2830 -0.7826
vn 0.9798 -0.0977 0.1747
vn 0.9728 -0.0189 -0.2310
vn -0.5986 0.1252 -0.7912
vn -0.9718 -0.0191 -0.2351
vn 0.6123 0.1479 0.7767
vn 0.5696 0.1354 -0.8107
vn -0.7637 0.1299 0.6324
vn -0.9944 -0.0846 0.0628
vn 0.0210 -0.9998 0.0024
vn 0.5081 0.1257 -0.8521
vn -0.5480 0.1181 -0.8281
vn -0.9480 -0.0009 -0.3183
vn -0.0275 -0.0001 0.9996
vn 0.0238 -0.9997 0.0051
vn -0.6762 0.1917 0.7114
vn 0.5049 0.2290 0.8322
vn 0.0230 -0.9997 -0.0004
vn 0.0860 0.0003 -0.9963
vn -0.1388 0.9644 0.2253
vn -0.1433 0.9643 0.2226
vn 0.1233 0.9660 0.2270
vn 0.1309 0.9661 0.2227
vn 0.2776 0.9606 -0.0105
vn 0.2766 0.9610 0.0036
vn 0.1387 0.9604 -0.2417
vn 0.1549 0.9602 -0.2325
vn -0.1402 0.9556 -0.2592
vn -0.1261 0.9561 -0.2644
vn -0.2762 0.9610 -0.0138
vn -0.2770 0.9601 -0.0386
vn -0.9987 -0.0292 0.0411
vn 0.9907 0.0053 0.1360
vn 0.9324 0.0113 -0.3612
vn -0.0085 -0.2162 0.9763
vn -0.0085 0.9780 0.2086
vn 0.0013 0.9773 0.2118
vn 0.0013 -0.2129 0.9771
vn 0.0090 0.2085 -0.9780
vn -0.0251 0.2012 -0.9792
vn -0.7200 0.6843 0.1154
vn -0.6233 -0.2429 0.7433
vn 0.0090 -0.9763 -0.2163
vn -0.0251 -0.9747 -0.2222
vn -0.5270 0.1317 -0.8396
vn -0.4404 -0.8771 -0.1915
vn -0.0452 -0.9830 -0.1778
vn -0.0138 -0.2072 0.9782
vn -0.2430 0.6388 0.7300
vn -0.3613 -0.6659 -0.6527
vn -0.0085 -0.4252 0.9051
vn -0.0085 0.9083 0.4182
vn 0.0012 0.9070 0.4212
vn 0.0012 -0.4222 0.9065
vn 0.0089 0.4181 -0.9084
vn -0.0250 0.4113 -0.9112
vn -0.7175 0.6453 0.2624
vn -0.6265 -0.3980 0.6701
vn 0.0089 -0.9050 -0.4253
vn -0.0250 -0.9022 -0.4307
vn -0.5244 0.3149 -0.7911
vn -0.4430 -0.8120 -0.3800
vn -0.1353 -0.8235 -0.5509
vn -0.5726 -0.3526 0.7402
vn -0.1643 0.4114 0.8965
vn -0.0889 -0.3146 -0.9450
vn -0.0085 -0.6473 0.7622
vn -0.0085 0.7672 0.6414
vn 0.0011 0.7650 0.6440
vn 0.0011 -0.6448 0.7644
vn 0.0089 0.6413 -0.7672
vn -0.0218 0.6376 -0.7700
vn -0.6110 0.6560 0.4430
vn -0.7298 -0.4604 0.5054
vn 0.0089 -0.7621 -0.6474
vn -0.0218 -0.7579 -0.6520
vn -0.4274 0.5835 -0.6905
vn -0.5342 -0.6075 -0.5879
vn -0.0910 -0.2191 -0.9715
vn -0.1517 0.1708 0.9736
vn -0.0123 0.7601 0.6497
vn 0.0013 0.6441 -0.7650
vn -0.2641 -0.9499 0.1674
vn 0.0426 -0.0792 0.9959
vn 0.0012 -0.0923 0.9957
vn 0.0012 -0.9956 -0.0934
vn 0.0638 0.9919 0.1103
vn -0.0235 0.9963 0.0828
vn -0.6744 -0.0106 0.7383
vn -0.6744 -0.7275 -0.1260
vn -0.2548 0.3532 -0.9002
vn -0.0235 0.1028 -0.9944
vn -0.4830 0.8738 0.0569
vn -0.4830 0.1056 -0.8692
vn -0.0085 -0.5171 0.8559
vn -0.0085 0.8599 0.5104
vn 0.0012 0.8582 0.5133
vn 0.0012 -0.5142 0.8577
vn 0.0089 0.5103 -0.8599
vn -0.0234 0.5050 -0.8628
vn -0.6767 0.6589 0.3284
vn -0.6720 -0.4299 0.6029
vn 0.0089 -0.8559 -0.5171
vn -0.0234 -0.8525 -0.5221
vn -0.4850 0.4270 -0.7632
vn -0.4808 -0.7400 -0.4703
vn -0.0748 -0.7967 -0.5997
vn -0.1867 -0.4559 0.8702
vn -0.1823 0.8001 0.5715
vn -0.1073 0.4102 -0.9057
vn 0.0510 -0.2554 0.9655
vn 0.0058 0.5476 0.8367
vn 0.0064 0.1933 0.9811
vn -0.2567 0.6137 0.7467
vn 0.0073 0.4365 0.8997
vn 0.0204 -0.1882 -0.9819
vn 0.0378 -0.3446 -0.9380
vn -0.1275 0.5413 -0.8311
vn -0.0128 -0.7782 -0.6278
vn 0.0133 -0.9917 -0.1281
vn 0.0394 -0.6514 -0.7577
vn -0.5693 -0.5450 0.6155
vn -0.3024 0.5945 -0.7451
vn 0.0075 -0.1229 0.9924
vn 0.1686 0.9820 0.0846
vn -0.0917 0.4278 0.8992
vn -0.1002 0.1816 0.9783
vn 0.1591 -0.9788 -0.1291
vn 0.0992 -0.2922 0.9512
vn 0.0898 -0.6272 -0.7737
vn 0.0479 -0.4024 -0.9142
vn -0.0658 0.5029 0.8618
vn 0.0974 0.2169 -0.9713
vn 0.0236 -0.1884 -0.9818
vn -0.1248 -0.3711 0.9202
vn -0.1123 -0.7833 0.6115
vn 0.1259 0.7093 -0.6936
vn 0.1213 -0.6640 -0.7379
vn 0.3020 -0.9500 -0.0787
vn 0.3780 0.8996 0.2187
vn 0.3177 0.7646 -0.5608
vn 0.1081 0.3036 -0.9466
vn 0.0105 -0.1924 -0.9813
vn 0.0576 -0.4658 -0.8830
vn 0.1168 -0.0425 0.9922
vn 0.1986 -0.3430 0.9181
vn -0.0965 0.3897 0.9159
vn -0.3095 0.1044 0.9451
vn -0.3287 -0.2649 0.9065
vn -0.2942 -0.6638 0.6876
vn -0.2208 0.3436 0.9128
vn 0.1628 -0.9854 -0.0501
vn -0.0228 0.3958 0.9181
vn 0.2364 0.9197 -0.3134
vn 0.0218 0.1491 -0.9886
vn -0.0307 -0.5135 -0.8575
vn 0.0006 -0.3061 0.9520
vn -0.1979 -0.0041 0.9802
vn -0.6084 -0.0344 -0.7929
vn -0.9914 -0.0274 -0.1283
vn -0.9605 -0.1573 0.2294
vn -0.9482 0.0267 -0.3164
vn -0.6986 0.0275 0.7149
vn -0.6127 -0.0355 -0.7895
vn -0.9904 -0.0288 -0.1349
vn -0.7094 0.0216 0.7045
vn -0.1384 0.9900 -0.0265
vn -0.2077 0.9067 0.3672
vn -0.9919 -0.1258 0.0170
vn -0.8457 -0.2609 -0.4656
vn -0.8801 -0.0735 -0.4691
vn -0.9978 -0.0569 0.0345
vn -0.9546 -0.1004 -0.2803
vn -0.9284 0.1641 0.3332
vn -0.0060 -0.9692 0.2461
vn -0.2547 -0.5952 -0.7622
vn -0.4889 0.3983 0.7761
vn 0.9864 0.0706 0.1484
vn 0.5700 -0.0075 -0.8216
vn 0.5319 -0.1132 -0.8392
vn 0.9924 -0.0381 0.1171
vn -0.9905 -0.1346 0.0277
vn -0.7904 -0.0484 -0.6107
vn -0.1172 0.9144 -0.3875
vn -0.8106 0.5371 0.2333
vn -0.9829 -0.1842 -0.0064
vn -0.5101 -0.0633 -0.8578
vn 0.6704 0.5139 -0.5353
vn -0.7554 0.3325 -0.5646
vn -0.1256 0.9413 -0.3132
vn 0.4509 0.8916 0.0410
vn -0.9206 -0.0808 0.3822
vn -0.5886 0.0607 -0.8061
vn -0.9102 -0.3464 -0.2272
vn -0.9809 -0.1583 -0.1129
vn 0.9707 -0.0266 0.2389
vn 0.9984 0.0505 0.0266
vn -0.9534 -0.0302 -0.3003
vn 0.4717 0.8115 0.3448
vn 0.3944 -0.3823 0.8356
vn 0.2076 -0.9774 0.0391
vn 0.5014 0.6144 -0.6091
vn -0.5717 -0.1962 0.7967
vn -0.5804 0.3099 0.7531
vn -0.2862 -0.0018 0.9582
vn 0.4949 -0.1623 0.8536
vn -0.1525 -0.9645 -0.2158
vn -0.2944 0.4992 -0.8149
vn -0.4598 0.0324 -0.8874
vn -0.6293 0.7766 -0.0305
vn -0.0946 -0.9585 0.2689
vn 0.8324 -0.3682 -0.4141
vn -0.5657 -0.6521 0.5048
vn -0.5995 0.5578 0.5740
vn 0.6867 -0.7048 0.1782
vn -0.9039 -0.0873 0.4188
vn -0.7313 -0.2114 0.6485
vn -0.0835 -0.0826 0.9931
vn -0.0662 0.6099 0.7897
vn -0.5421 0.4398 0.7160
vn -0.3231 0.2711 0.9067
vn -0.6524 0.1941 0.7326
vn -0.3999 0.5089 0.7622
vn -0.6185 -0.6096 0.4959
vn 0.4571 -0.3813 0.8035
vt 0.147122 0.667861
vt 0.288806 0.735350
vt 0.124753 0.837757
vt 0.730856 0.565205
vt 0.695576 0.443889
vt 0.803948 0.455899
vt 0.804962 0.544875
vt 0.613551 0.608575
vt 0.668389 0.771983
vt 0.516213 0.804663
vt 0.498426 0.648792
vt 0.003316 0.503180
vt 0.173101 0.548670
vt 0.019604 0.633934
vt 0.762562 0.687648
vt 0.003316 0.818739
vt 0.552245 0.443889
vt 0.475048 0.326453
vt 0.491794 0.490741
vt 0.314260 0.496548
vt 0.326232 0.342716
vt 0.852203 0.437256
vt 0.729937 0.409007
vt 0.739057 0.293083
vt 0.872759 0.273187
vt 0.158966 0.471548
vt 0.184369 0.317885
vt 0.705216 0.163984
vt 0.847491 0.126667
vt 0.003316 0.408231
vt 0.075318 0.258983
vt 0.665048 0.087876
vt 0.760103 0.003316
vt 0.175432 0.140732
vt 0.330968 0.049104
vt 0.320654 0.179885
vt 0.491794 0.003316
vt 0.475610 0.131613
vt 0.435075 0.198570
vt 0.631397 0.179471
vt 0.605163 0.127946
vt 0.648314 0.267405
vt 0.671086 0.370957
vt 0.610082 0.339792
vt 0.581809 0.409321
vt 0.498427 0.437256
vt 0.529725 0.345502
vt 0.000000 0.000000
vt 1.000000 0.000000
vt 1.000000 0.000000
vt 0.146724 0.829462
vt 0.233284 0.832123
vt 0.218348 0.905229
vt 0.187743 0.914105
vt 0.439545 0.102486
vt 0.478642 0.001999
vt 0.508257 0.026017
vt 0.519814 0.098405
vt 0.605399 0.001999
vt 0.737162 0.030344
vt 0.744185 0.202475
vt 0.616022 0.181582
vt 0.611879 0.107194
vt 0.609019 0.060773
vt 0.873806 0.523962
vt 0.765195 0.523962
vt 0.748183 0.390202
vt 0.880735 0.389916
vt 0.393201 0.014245
vt 0.365989 0.115612
vt 0.371987 0.013123
vt 0.071022 0.807076
vt 0.092786 0.925123
vt 0.053353 0.936116
vt 0.757785 0.173820
vt 0.876116 0.173565
vt 0.726667 0.422610
vt 0.607134 0.408894
vt 0.737454 0.998001
vt 0.605399 0.976165
vt 0.662781 0.770469
vt 0.740472 0.790976
vt 0.801674 0.969378
vt 0.851183 0.995295
vt 0.826790 0.788420
vt 0.711790 0.595958
vt 0.605399 0.583749
vt 0.691568 0.599955
vt 0.750635 0.616558
vt 0.825924 0.613507
vt 0.768426 0.002226
vt 0.873747 0.001999
vt 0.642323 0.000000
vt 0.310116 0.124502
vt 0.433973 0.513849
vt 0.391909 0.520303
vt 0.594672 0.088334
vt 0.601401 0.493660
vt 0.546263 0.504119
vt 0.200277 0.421782
vt 0.257800 0.424377
vt 0.146541 0.413983
vt 0.488506 0.507394
vt 0.298754 0.837704
vt 0.304808 0.433073
vt 0.001999 0.793548
vt 0.095089 0.403248
vt 0.446254 0.601922
vt 0.410412 0.607172
vt 0.596914 0.582790
vt 0.550030 0.592455
vt 0.208672 0.332905
vt 0.264690 0.336454
vt 0.112417 0.316795
vt 0.156369 0.325682
vt 0.496381 0.595918
vt 0.305782 0.344603
vt 0.525385 0.914528
vt 0.488939 0.918628
vt 0.280691 0.014429
vt 0.306118 0.016485
vt 0.564793 0.911689
vt 0.202164 0.006745
vt 0.239940 0.011474
vt 0.466026 0.921792
vt 0.593915 0.909202
vt 0.175184 0.001999
vt 0.024551 0.873916
vt 0.024419 0.906614
vt 0.003469 0.906545
vt 0.003515 0.873981
vt 0.715825 0.877385
vt 0.715614 0.844670
vt 0.736553 0.844851
vt 0.736767 0.877140
vt 0.024251 0.939744
vt 0.003316 0.939640
vt 0.757491 0.844388
vt 0.757721 0.877107
vt 0.045561 0.874096
vt 0.045401 0.906689
vt 0.072709 0.844389
vt 0.072709 0.865370
vt 0.052193 0.865370
vt 0.052193 0.844389
vt 0.735518 0.818534
vt 0.756610 0.817835
vt 0.043589 0.933000
vt 0.716175 0.811296
vt 0.024238 0.845562
vt 0.045160 0.844389
vt 0.736644 0.906813
vt 0.715614 0.905777
vt 0.003316 0.845741
vt 0.757652 0.906861
vt 0.907069 0.350090
vt 0.908819 0.390742
vt 0.882660 0.391868
vt 0.880910 0.351215
vt 0.296040 0.870533
vt 0.296538 0.829656
vt 0.322614 0.830449
vt 0.322177 0.870549
vt 0.910598 0.432084
vt 0.884439 0.433210
vt 0.348284 0.830520
vt 0.348251 0.870663
vt 0.374270 0.829744
vt 0.374582 0.870818
vt 0.789958 0.811296
vt 0.789958 0.837479
vt 0.764354 0.837479
vt 0.764354 0.811296
vt 0.322186 0.797743
vt 0.348655 0.797699
vt 0.372591 0.788094
vt 0.298324 0.788094
vt 0.374854 0.906586
vt 0.348341 0.907854
vt 0.321861 0.907753
vt 0.295438 0.906239
vt 0.879391 0.315935
vt 0.905551 0.314809
vt 0.708982 0.846609
vt 0.708982 0.887299
vt 0.682798 0.887299
vt 0.682798 0.846609
vt 0.597028 0.893701
vt 0.597657 0.852679
vt 0.623592 0.853553
vt 0.623358 0.893737
vt 0.708982 0.928679
vt 0.682798 0.928680
vt 0.649273 0.853707
vt 0.649444 0.893777
vt 0.675252 0.852854
vt 0.675785 0.893858
vt 0.354974 0.754077
vt 0.354974 0.727894
vt 0.380578 0.727894
vt 0.380578 0.754077
vt 0.623236 0.820934
vt 0.649646 0.820914
vt 0.673517 0.811296
vt 0.599487 0.811296
vt 0.676166 0.929772
vt 0.649562 0.931118
vt 0.623002 0.931005
vt 0.596470 0.929521
vt 0.682798 0.811296
vt 0.708982 0.811296
vt 0.381135 0.638173
vt 0.382828 0.678827
vt 0.356667 0.679917
vt 0.354974 0.639262
vt 0.348342 0.698513
vt 0.347714 0.739797
vt 0.321568 0.738973
vt 0.322180 0.699401
vt 0.384550 0.720172
vt 0.358389 0.721261
vt 0.295438 0.738916
vt 0.296214 0.697715
vt 0.394662 0.803211
vt 0.399423 0.762801
vt 0.425427 0.765866
vt 0.420665 0.806276
vt 0.461716 0.862397
vt 0.461716 0.836213
vt 0.487320 0.836213
vt 0.487320 0.862397
vt 0.322084 0.771849
vt 0.295736 0.772086
vt 0.405425 0.730390
vt 0.430409 0.724786
vt 0.346027 0.781461
vt 0.884868 0.242267
vt 0.887025 0.201634
vt 0.913172 0.203023
vt 0.911014 0.243655
vt 0.583260 0.873939
vt 0.582061 0.913775
vt 0.556748 0.912703
vt 0.556947 0.873025
vt 0.889220 0.160312
vt 0.915366 0.161700
vt 0.531790 0.912920
vt 0.531133 0.873257
vt 0.506671 0.914043
vt 0.505424 0.874522
vt 0.789958 0.844112
vt 0.789957 0.870295
vt 0.764354 0.870296
vt 0.764354 0.844112
vt 0.557068 0.944547
vt 0.531567 0.944559
vt 0.508682 0.954008
vt 0.580125 0.954008
vt 0.502412 0.840642
vt 0.528406 0.834340
vt 0.558704 0.832435
vt 0.586119 0.838679
vt 0.909142 0.278919
vt 0.882995 0.277530
vt 0.567127 0.811296
vt 0.589837 0.821271
vt 0.498426 0.831263
vt 0.522397 0.824057
vt 0.382824 0.916192
vt 0.362007 0.920546
vt 0.915366 0.296958
vt 0.879391 0.287551
vt 0.910598 0.303591
vt 0.961983 0.653683
vt 0.940557 0.654432
vt 0.940284 0.629850
vt 0.961983 0.629037
vt 0.870020 0.655981
vt 0.843047 0.655842
vt 0.842340 0.630934
vt 0.869480 0.631354
vt 0.907402 0.663375
vt 0.906740 0.630430
vt 0.917358 0.878620
vt 0.874618 0.886376
vt 0.874499 0.857690
vt 0.917373 0.858989
vt 0.943254 0.878663
vt 0.943286 0.859050
vt 0.832051 0.879181
vt 0.811595 0.876654
vt 0.813204 0.856905
vt 0.833099 0.858345
vt 0.848736 0.886511
vt 0.848561 0.857745
vt 0.432399 0.715661
vt 0.411587 0.718153
vt 0.410422 0.694066
vt 0.431362 0.695525
vt 0.407293 0.882059
vt 0.396844 0.865204
vt 0.417499 0.849354
vt 0.430409 0.869813
vt 0.391182 0.838055
vt 0.414144 0.832061
vt 0.320968 0.656213
vt 0.347030 0.652913
vt 0.871630 0.592233
vt 0.904475 0.590962
vt 0.409004 0.654023
vt 0.428314 0.655369
vt 0.820252 0.817775
vt 0.845772 0.818107
vt 0.875392 0.817886
vt 0.934880 0.589783
vt 0.915421 0.819112
vt 0.939733 0.819078
vt 0.954800 0.588779
vt 0.845045 0.592955
vt 0.835823 0.614423
vt 0.963834 0.840863
vt 0.384550 0.599814
vt 0.359286 0.594508
vt 0.811595 0.626239
vt 0.821596 0.588512
vt 0.295438 0.657390
vt 0.987287 0.813514
vt 0.996684 0.851784
vt 0.831865 0.763314
vt 0.854527 0.763939
vt 0.301109 0.606567
vt 0.324655 0.612989
vt 0.913964 0.763831
vt 0.934456 0.764071
vt 0.879922 0.764019
vt 0.345700 0.607042
vt 0.978555 0.762739
vt 0.403293 0.600721
vt 0.422252 0.599331
vt 0.925641 0.536754
vt 0.940736 0.536078
vt 0.850990 0.540154
vt 0.872039 0.540992
vt 0.359930 0.548266
vt 0.378347 0.546472
vt 0.898434 0.538835
vt 0.830738 0.535557
vt 0.848466 0.722616
vt 0.308900 0.562385
vt 0.339405 0.556141
vt 0.919543 0.722375
vt 0.966145 0.721610
vt 0.882505 0.722291
vt 0.391182 0.552953
vt 0.417134 0.555156
vt 0.880978 0.495729
vt 0.910264 0.496395
vt 0.381079 0.503180
vt 0.849986 0.496392
vt 0.847428 0.444211
vt 0.886527 0.443889
vt 0.922945 0.444796
vt 0.432399 0.505636
vt 0.406898 0.503180
vt 0.851384 0.670913
vt 0.873076 0.670007
vt 0.907040 0.670570
vt 0.943492 0.670725
vt 0.970547 0.670007
vt 0.298710 0.506908
vt 0.324185 0.503180
vt 0.923335 0.062475
vt 0.922160 0.153062
vt 0.879392 0.153680
vt 0.880581 0.061943
vt 0.922160 0.004583
vt 0.879392 0.003316
vt 0.481756 0.503180
vt 0.483167 0.586152
vt 0.440460 0.589241
vt 0.439031 0.505217
vt 0.474113 0.667256
vt 0.439031 0.671269
vt 1.000000 0.000000
vt 0.475178 0.737201
vt 0.473917 0.829395
vt 0.461716 0.829580
vt 0.462982 0.737041
vt 0.473917 0.678283
vt 0.461716 0.677902
vt 0.442915 0.846412
vt 0.439552 0.762022
vt 0.451708 0.760808
vt 0.455084 0.845514
vt 0.439031 0.679572
vt 0.455084 0.677902
vt 0.306118 0.883535
vt 0.252318 0.894953
vt 0.736355 0.000000
vt 0.689680 0.000000
vt 0.156454 0.916093
vt 0.112983 0.921798
vt 0.695148 0.000000
vt 0.553907 0.034317
vt 0.534781 0.000000
vt 0.899227 0.599955
vt 0.915650 0.770567
vt 0.953427 0.979859
vt 0.601401 0.040802
vt 0.478357 0.000000
vt 0.645643 0.000000
vt 0.750624 0.531436
vt 0.750624 0.578492
vt 0.748183 0.579639
vt 0.748183 0.527960
vt 0.758815 0.528747
vt 0.758815 0.575255
vt 0.754622 0.579038
vt 0.754622 0.527960
s 1
usemtl skin
f 565/20/590 562/21/591 566/22/592
f 569/23/593 567/24/594 560/25/595 564/26/596
f 563/27/597 557/28/598 562/29/591 565/30/590
f 556/31/599 563/32/597 561/33/600
f 568/34/601 569/23/593 564/26/596
f 561/33/600 565/20/590 566/22/592 558/35/602
f 557/28/598 563/27/597 569/23/593 568/34/601
f 563/27/597 556/36/599 567/24/594 569/23/593
f 562/37/591 557/38/598 573/39/603 574/40/604
f 557/41/598 568/42/601 575/43/605 573/44/603
f 574/40/604 573/39/603 576/45/606 577/46/607
f 573/44/603 575/43/605 578/47/608 576/48/606
f 577/46/607 576/45/606 572/49/609 579/50/610
f 576/48/606 578/47/608 580/51/611 572/52/609
f 577/46/607 579/50/610 571/53/612
f 571/53/612 570/54/613 581/55/614
f 577/46/607 571/53/612 581/55/614
f 574/40/604 577/46/607 581/55/614
f 558/56/602 566/57/592 570/54/613
f 570/54/613 566/57/592 581/55/614
f 566/57/592 559/58/615 581/55/614
f 559/58/615 562/37/591 574/40/604 581/55/614
f 580/51/611 578/47/608 583/59/616 584/60/617
f 561/33/600 563/32/597 565/20/590
f 566/57/592 562/37/591 559/58/615
f 578/47/608 575/43/605 582/61/618 583/59/616
f 575/43/605 568/42/601 586/62/619
f 585/63/620 582/61/618 575/43/605 586/62/619
f 564/64/596 560/65/595 587/66/621
f 585/63/620 586/62/619 564/64/596
f 564/64/596 586/62/619 568/42/601
f 585/63/620 564/64/596 587/66/621
f 723/147/814 724/148/815 726/149/816 725/150/817
f 725/151/817 726/152/816 728/153/818 727/154/819
f 726/149/816 724/148/815 732/155/820 731/156/821
f 727/154/819 728/153/818 730/157/822 729/158/823
f 729/159/823 730/160/822 724/148/815 723/147/814
f 731/161/821 732/162/820 734/163/824 733/164/825
f 730/157/822 728/153/818 733/165/825 734/166/824
f 724/148/815 730/160/822 734/167/824 732/155/820
f 728/153/818 726/152/816 731/168/821 733/165/825
f 729/159/823 723/147/814 735/169/826 738/170/827
f 725/151/817 727/154/819 737/171/828 736/172/829
f 723/147/814 725/150/817 736/173/829 735/169/826
f 727/154/819 729/158/823 738/174/827 737/171/828
f 739/175/830 740/176/831 742/177/832 741/178/833
f 741/179/833 742/180/832 744/181/834 743/182/835
f 742/177/832 740/176/831 748/183/836 747/184/837
f 743/182/835 744/181/834 746/185/838 745/186/839
f 745/186/839 746/185/838 740/187/831 739/188/830
f 747/189/837 748/190/836 750/191/840 749/192/841
f 746/185/838 744/181/834 749/193/841 750/194/840
f 740/187/831 746/185/838 750/194/840 748/195/836
f 744/181/834 742/180/832 747/196/837 749/193/841
f 745/186/839 739/188/830 751/197/842 754/198/843
f 741/179/833 743/182/835 753/199/844 752/200/845
f 739/175/830 741/178/833 752/201/845 751/202/842
f 743/182/835 745/186/839 754/198/843 753/199/844
f 755/203/846 756/204/847 758/205/848 757/206/849
f 757/207/849 758/208/848 760/209/850 759/210/851
f 758/205/848 756/204/847 764/211/852 763/212/853
f 759/210/851 760/209/850 762/213/854 761/214/855
f 761/214/855 762/213/854 756/215/847 755/216/846
f 763/217/853 764/218/852 766/219/856 765/220/857
f 762/213/854 760/209/850 765/221/857 766/222/856
f 756/215/847 762/213/854 766/222/856 764/223/852
f 760/209/850 758/208/848 763/224/853 765/221/857
f 761/214/855 755/216/846 767/225/858 770/226/859
f 757/207/849 759/210/851 769/227/860 768/228/861
f 755/203/846 757/206/849 768/229/861 767/230/858
f 759/210/851 761/214/855 770/226/859 769/227/860
f 771/231/862 772/232/863 774/233/864 773/234/865
f 773/235/865 774/236/864 776/237/866 775/238/867
f 774/233/864 772/232/863 780/239/868 779/240/869
f 775/238/867 776/237/866 778/241/870 777/242/871
f 777/243/871 778/244/870 772/245/863 771/246/862
f 779/247/869 780/248/868 782/249/872 781/250/873
f 778/241/870 776/237/866 781/251/873 782/252/872
f 772/245/863 778/244/870 782/253/872 780/254/868
f 776/237/866 774/236/864 779/255/869 781/251/873
f 783/256/874 784/257/875 786/258/876 785/259/877
f 785/260/877 786/261/876 788/262/878 787/263/879
f 786/258/876 784/257/875 792/264/880 791/265/881
f 787/263/879 788/262/878 790/266/882 789/267/883
f 789/267/883 790/266/882 784/268/875 783/269/874
f 791/270/881 792/271/880 794/272/884 793/273/885
f 790/266/882 788/262/878 793/274/885 794/275/884
f 784/268/875 790/266/882 794/275/884 792/276/880
f 788/262/878 786/261/876 791/277/881 793/274/885
f 789/267/883 783/269/874 795/278/886 798/279/887
f 785/260/877 787/263/879 797/280/888 796/281/889
f 783/256/874 785/259/877 796/282/889 795/283/886
f 787/263/879 789/267/883 798/279/887 797/280/888
f 770/284/859 767/285/858 796/281/889 797/280/888
f 752/286/845 753/287/844 798/279/887 795/278/886
f 736/288/829 737/289/828 754/198/843 751/197/842
f 795/283/886 796/282/889 767/290/858 752/291/845
f 798/279/887 753/287/844 770/284/859 797/280/888
f 751/202/842 752/201/845 736/292/829
f 735/293/826 736/294/829 800/295/890 799/296/891
f 767/297/858 768/298/861 803/299/892 802/300/893
f 736/294/829 752/301/845 801/302/894 800/295/890
f 752/301/845 767/297/858 802/300/893 801/302/894
f 770/303/859 753/304/844 806/305/895 808/306/896
f 769/307/860 770/303/859 808/306/896 807/308/897
f 737/309/828 738/310/827 805/311/898 804/312/899
f 754/313/843 737/309/828 804/312/899 809/314/900
f 738/315/827 735/316/826 799/317/891 805/318/898
f 754/313/843 809/314/900 806/305/895 753/304/844
f 769/319/860 807/320/897 803/321/892 768/322/861
f 807/320/897 811/323/901 810/324/902 803/321/892
f 777/243/871 771/246/862 810/324/902 811/323/901
f 773/235/865 775/238/867 813/325/903 812/326/904
f 801/302/894 802/300/893 817/327/905 816/328/906
f 805/318/898 799/317/891 814/329/907 819/330/908
f 804/312/899 805/311/898 819/331/908 818/332/909
f 806/305/895 809/314/900 818/332/909 820/333/910
f 800/295/890 801/302/894 816/328/906 815/334/911
f 807/308/897 808/306/896 822/335/912 821/336/913
f 799/296/891 800/295/890 815/334/911 814/337/907
f 808/306/896 806/305/895 820/333/910 822/335/912
f 809/314/900 804/312/899 818/332/909
f 803/299/892 823/338/914 817/327/905 802/300/893
f 810/339/902 823/338/914 803/299/892
f 807/308/897 821/336/913 811/340/901
f 824/341/915 771/231/862 773/234/865 812/342/904
f 771/343/862 824/344/915 823/338/914 810/339/902
f 777/242/871 825/345/916 813/325/903 775/238/867
f 811/340/901 825/346/916 777/347/871
f 821/336/913 825/346/916 811/340/901
f 818/332/909 819/331/908 833/348/917 832/349/918
f 813/325/903 825/345/916 839/350/919 827/351/920
f 821/336/913 822/335/912 836/352/921 835/353/922
f 820/333/910 818/332/909 832/349/918 834/354/923
f 812/326/904 813/325/903 827/351/920 826/355/924
f 822/335/912 820/333/910 834/354/923 836/352/921
f 825/346/916 821/336/913 835/353/922 839/356/919
f 819/330/908 814/329/907 828/357/925 833/358/917
f 814/337/907 815/334/911 829/359/926 828/360/925
f 817/327/905 823/338/914 837/361/927 831/362/928
f 824/341/915 812/342/904 826/363/924 838/364/929
f 816/328/906 817/327/905 831/362/928 830/365/930
f 823/338/914 824/344/915 838/366/929 837/361/927
f 815/334/911 816/328/906 830/365/930 829/359/926
f 832/349/918 833/348/917 843/367/931
f 827/351/920 839/350/919 846/368/932 840/369/933
f 835/353/922 836/352/921 845/370/934
f 839/356/919 835/353/922 845/370/934 846/371/932
f 836/352/921 834/354/923 844/372/935 845/370/934
f 833/358/917 828/357/925 841/373/936 843/374/931
f 826/355/924 827/351/920 840/369/933
f 831/362/928 837/361/927 842/375/937
f 828/360/925 829/359/926 841/376/936
f 834/354/923 832/349/918 843/367/931 844/372/935
f 830/365/930 831/362/928 842/375/937 841/376/936
f 838/364/929 826/363/924 840/377/933
f 829/359/926 830/365/930 841/376/936
f 837/361/927 838/366/929 840/378/933 842/375/937
f 647/379/715 646/380/719 842/375/937 840/378/933
f 645/381/718 841/376/936 842/375/937 646/380/719
f 649/382/720 843/374/931 841/373/936 645/383/718
f 649/384/720 650/385/714 844/372/935 843/367/931
f 644/386/713 844/372/935 650/385/714
f 845/370/934 844/372/935 644/386/713
f 648/387/717 845/370/934 644/386/713
f 643/388/716 846/371/932 845/370/934 648/387/717
f 643/389/716 647/390/715 840/369/933 846/368/932
f 583/391/616 582/392/618 850/393/938 851/394/939
f 584/395/617 583/391/616 851/394/939 852/396/942
f 582/397/618 585/398/620 849/399/943 850/400/938
f 585/398/620 587/401/621 848/402/944 849/399/943
f 860/404/946 862/405/945 867/406/626 865/407/629
f 863/408/947 860/404/946 865/407/629 868/409/628
f 862/410/945 861/411/948 866/412/622 867/413/626
f 861/411/948 859/414/949 864/415/623 866/412/622
f 941/20/1009 942/22/1010 938/21/1011
f 944/23/1012 940/26/1013 560/25/595 567/24/594
f 939/27/1014 941/30/1009 938/29/1011 936/28/1015
f 556/31/599 561/33/600 939/32/1014
f 943/34/1016 940/26/1013 944/23/1012
f 561/33/600 558/35/602 942/22/1010 941/20/1009
f 936/28/1015 943/34/1016 944/23/1012 939/27/1014
f 939/27/1014 944/23/1012 567/24/594 556/36/599
f 938/37/1011 946/40/1017 945/39/1018 936/38/1015
f 936/41/1015 945/44/1018 947/43/1019 943/42/1016
f 946/40/1017 949/46/1020 948/45/1021 945/39/1018
f 945/44/1018 948/48/1021 950/47/1022 947/43/1019
f 949/46/1020 579/50/610 572/49/609 948/45/1021
f 948/48/1021 572/52/609 580/51/611 950/47/1022
f 949/46/1020 571/53/612 579/50/610
f 571/53/612 951/55/1023 570/54/613
f 949/46/1020 951/55/1023 571/53/612
f 946/40/1017 951/55/1023 949/46/1020
f 558/56/602 570/54/613 942/57/1010
f 570/54/613 951/55/1023 942/57/1010
f 942/57/1010 951/55/1023 937/58/1024
f 937/58/1024 951/55/1023 946/40/1017 938/37/1011
f 580/51/611 584/60/617 953/59/1025 950/47/1022
f 561/33/600 941/20/1009 939/32/1014
f 942/57/1010 937/58/1024 938/37/1011
f 950/47/1022 953/59/1025 952/61/1026 947/43/1019
f 947/43/1019 955/62/1027 943/42/1016
f 954/63/1028 955/62/1027 947/43/1019 952/61/1026
f 940/64/1013 587/66/621 560/65/595
f 954/63/1028 940/64/1013 955/62/1027
f 940/64/1013 943/42/1016 955/62/1027
f 954/63/1028 587/66/621 940/64/1013
f 1076/147/1202 1078/150/1203 1079/149/1204 1077/148/1205
f 1078/151/1203 1080/154/1206 1081/153/1207 1079/152/1204
f 1079/149/1204 1084/156/1208 1085/155/1209 1077/148/1205
f 1080/154/1206 1082/158/1210 1083/157/1211 1081/153/1207
f 1082/159/1210 1076/147/1202 1077/148/1205 1083/160/1211
f 1084/161/1208 1086/164/1212 1087/163/1213 1085/162/1209
f 1083/157/1211 1087/166/1213 1086/165/1212 1081/153/1207
f 1077/148/1205 1085/155/1209 1087/167/1213 1083/160/1211
f 1081/153/1207 1086/165/1212 1084/168/1208 1079/152/1204
f 1082/159/1210 1091/170/1214 1088/169/1215 1076/147/1202
f 1078/151/1203 1089/172/1216 1090/171/1217 1080/154/1206
f 1076/147/1202 1088/169/1215 1089/173/1216 1078/150/1203
f 1080/154/1206 1090/171/1217 1091/174/1214 1082/158/1210
f 1092/175/1218 1094/178/1219 1095/177/1220 1093/176/1221
f 1094/179/1219 1096/182/1222 1097/181/1223 1095/180/1220
f 1095/177/1220 1100/184/1224 1101/183/1225 1093/176/1221
f 1096/182/1222 1098/186/1226 1099/185/1227 1097/181/1223
f 1098/186/1226 1092/188/1218 1093/187/1221 1099/185/1227
f 1100/189/1224 1102/192/1228 1103/191/1229 1101/190/1225
f 1099/185/1227 1103/194/1229 1102/193/1228 1097/181/1223
f 1093/187/1221 1101/195/1225 1103/194/1229 1099/185/1227
f 1097/181/1223 1102/193/1228 1100/196/1224 1095/180/1220
f 1098/186/1226 1107/198/1230 1104/197/1231 1092/188/1218
f 1094/179/1219 1105/200/1232 1106/199/1233 1096/182/1222
f 1092/175/1218 1104/202/1231 1105/201/1232 1094/178/1219
f 1096/182/1222 1106/199/1233 1107/198/1230 1098/186/1226
f 1108/203/1234 1110/206/1235 1111/205/1236 1109/204/1237
f 1110/207/1235 1112/210/1238 1113/209/1239 1111/208/1236
f 1111/205/1236 1116/212/1240 1117/211/1241 1109/204/1237
f 1112/210/1238 1114/214/1242 1115/213/1243 1113/209/1239
f 1114/214/1242 1108/216/1234 1109/215/1237 1115/213/1243
f 1116/217/1240 1118/220/1244 1119/219/1245 1117/218/1241
f 1115/213/1243 1119/222/1245 1118/221/1244 1113/209/1239
f 1109/215/1237 1117/223/1241 1119/222/1245 1115/213/1243
f 1113/209/1239 1118/221/1244 1116/224/1240 1111/208/1236
f 1114/214/1242 1123/226/1246 1120/225/1247 1108/216/1234
f 1110/207/1235 1121/228/1248 1122/227/1249 1112/210/1238
f 1108/203/1234 1120/230/1247 1121/229/1248 1110/206/1235
f 1112/210/1238 1122/227/1249 1123/226/1246 1114/214/1242
f 1124/231/1250 1126/234/1251 1127/233/1252 1125/232/1253
f 1126/235/1251 1128/238/1254 1129/237/1255 1127/236/1252
f 1127/233/1252 1132/240/1256 1133/239/1257 1125/232/1253
f 1128/238/1254 1130/242/1258 1131/241/1259 1129/237/1255
f 1130/243/1258 1124/246/1250 1125/245/1253 1131/244/1259
f 1132/247/1256 1134/250/1260 1135/249/1261 1133/248/1257
f 1131/241/1259 1135/252/1261 1134/251/1260 1129/237/1255
f 1125/245/1253 1133/254/1257 1135/253/1261 1131/244/1259
f 1129/237/1255 1134/251/1260 1132/255/1256 1127/236/1252
f 1136/256/1262 1138/259/1263 1139/258/1264 1137/257/1265
f 1138/260/1263 1140/263/1266 1141/262/1267 1139/261/1264
f 1139/258/1264 1144/265/1268 1145/264/1269 1137/257/1265
f 1140/263/1266 1142/267/1270 1143/266/1271 1141/262/1267
f 1142/267/1270 1136/269/1262 1137/268/1265 1143/266/1271
f 1144/270/1268 1146/273/1272 1147/272/1273 1145/271/1269
f 1143/266/1271 1147/275/1273 1146/274/1272 1141/262/1267
f 1137/268/1265 1145/276/1269 1147/275/1273 1143/266/1271
f 1141/262/1267 1146/274/1272 1144/277/1268 1139/261/1264
f 1142/267/1270 1151/279/1274 1148/278/1275 1136/269/1262
f 1138/260/1263 1149/281/1276 1150/280/1277 1140/263/1266
f 1136/256/1262 1148/283/1275 1149/282/1276 1138/259/1263
f 1140/263/1266 1150/280/1277 1151/279/1274 1142/267/1270
f 1123/284/1246 1150/280/1277 1149/281/1276 1120/285/1247
f 1105/286/1232 1148/278/1275 1151/279/1274 1106/287/1233
f 1089/288/1216 1104/197/1231 1107/198/1230 1090/289/1217
f 1148/283/1275 1105/291/1232 1120/290/1247 1149/282/1276
f 1151/279/1274 1150/280/1277 1123/284/1246 1106/287/1233
f 1104/202/1231 1089/292/1216 1105/201/1232
f 1088/293/1215 1152/296/1278 1153/295/1279 1089/294/1216
f 1120/297/1247 1155/300/1280 1156/299/1281 1121/298/1248
f 1089/294/1216 1153/295/1279 1154/302/1282 1105/301/1232
f 1105/301/1232 1154/302/1282 1155/300/1280 1120/297/1247
f 1123/303/1246 1161/306/1283 1159/305/1284 1106/304/1233
f 1122/307/1249 1160/308/1285 1161/306/1283 1123/303/1246
f 1090/309/1217 1157/312/1286 1158/311/1287 1091/310/1214
f 1107/313/1230 1162/314/1288 1157/312/1286 1090/309/1217
f 1091/315/1214 1158/318/1287 1152/317/1278 1088/316/1215
f 1107/313/1230 1106/304/1233 1159/305/1284 1162/314/1288
f 1122/319/1249 1121/322/1248 1156/321/1281 1160/320/1285
f 1160/320/1285 1156/321/1281 1163/324/1289 1164/323/1290
f 1130/243/1258 1164/323/1290 1163/324/1289 1124/246/1250
f 1126/235/1251 1165/326/1291 1166/325/1292 1128/238/1254
f 1154/302/1282 1169/328/1293 1170/327/1294 1155/300/1280
f 1158/318/1287 1172/330/1295 1167/329/1296 1152/317/1278
f 1157/312/1286 1171/332/1297 1172/331/1295 1158/311/1287
f 1159/305/1284 1173/333/1298 1171/332/1297 1162/314/1288
f 1153/295/1279 1168/334/1299 1169/328/1293 1154/302/1282
f 1160/308/1285 1174/336/1300 1175/335/1301 1161/306/1283
f 1152/296/1278 1167/337/1296 1168/334/1299 1153/295/1279
f 1161/306/1283 1175/335/1301 1173/333/1298 1159/305/1284
f 1162/314/1288 1171/332/1297 1157/312/1286
f 1156/299/1281 1155/300/1280 1170/327/1294 1176/338/1302
f 1163/339/1289 1156/299/1281 1176/338/1302
f 1160/308/1285 1164/340/1290 1174/336/1300
f 1177/341/1303 1165/342/1291 1126/234/1251 1124/231/1250
f 1124/343/1250 1163/339/1289 1176/338/1302 1177/344/1303
f 1130/242/1258 1128/238/1254 1166/325/1292 1178/345/1304
f 1164/340/1290 1130/347/1258 1178/346/1304
f 1174/336/1300 1164/340/1290 1178/346/1304
f 1171/332/1297 1185/349/1305 1186/348/1306 1172/331/1295
f 1166/325/1292 1180/351/1307 1192/350/1308 1178/345/1304
f 1174/336/1300 1188/353/1309 1189/352/1310 1175/335/1301
f 1173/333/1298 1187/354/1311 1185/349/1305 1171/332/1297
f 1165/326/1291 1179/355/1312 1180/351/1307 1166/325/1292
f 1175/335/1301 1189/352/1310 1187/354/1311 1173/333/1298
f 1178/346/1304 1192/356/1308 1188/353/1309 1174/336/1300
f 1172/330/1295 1186/358/1306 1181/357/1313 1167/329/1296
f 1167/337/1296 1181/360/1313 1182/359/1314 1168/334/1299
f 1170/327/1294 1184/362/1315 1190/361/1316 1176/338/1302
f 1177/341/1303 1191/364/1317 1179/363/1312 1165/342/1291
f 1169/328/1293 1183/365/1318 1184/362/1315 1170/327/1294
f 1176/338/1302 1190/361/1316 1191/366/1317 1177/344/1303
f 1168/334/1299 1182/359/1314 1183/365/1318 1169/328/1293
f 1185/349/1305 1196/367/1319 1186/348/1306
f 1180/351/1307 1193/369/1320 1199/368/1321 1192/350/1308
f 1188/353/1309 1198/370/1322 1189/352/1310
f 1192/356/1308 1199/371/1321 1198/370/1322 1188/353/1309
f 1189/352/1310 1198/370/1322 1197/372/1323 1187/354/1311
f 1186/358/1306 1196/374/1319 1194/373/1324 1181/357/1313
f 1179/355/1312 1193/369/1320 1180/351/1307
f 1184/362/1315 1195/375/1325 1190/361/1316
f 1181/360/1313 1194/376/1324 1182/359/1314
f 1187/354/1311 1197/372/1323 1196/367/1319 1185/349/1305
f 1183/365/1318 1194/376/1324 1195/375/1325 1184/362/1315
f 1191/364/1317 1193/377/1320 1179/363/1312
f 1182/359/1314 1194/376/1324 1183/365/1318
f 1190/361/1316 1195/375/1325 1193/378/1320 1191/366/1317
f 1003/379/1108 1193/378/1320 1195/375/1325 1002/380/1110
f 1001/381/1111 1002/380/1110 1195/375/1325 1194/376/1324
f 1005/382/1112 1001/383/1111 1194/373/1324 1196/374/1319
f 1005/384/1112 1196/367/1319 1197/372/1323 1006/385/1105
f 1000/386/1106 1006/385/1105 1197/372/1323
f 1198/370/1322 1000/386/1106 1197/372/1323
f 1004/387/1109 1000/386/1106 1198/370/1322
f 999/388/1107 1004/387/1109 1198/370/1322 1199/371/1321
f 999/389/1107 1199/368/1321 1193/369/1320 1003/390/1108
f 953/391/1025 1203/394/1326 1202/393/1327 952/392/1026
f 584/395/617 852/396/942 1203/394/1326 953/391/1025
f 952/397/1026 1202/400/1327 1201/399/1330 954/398/1028
f 954/398/1028 1201/399/1330 848/402/944 587/401/621
f 1208/404/1331 1211/407/1034 1213/406/1031 1210/405/1332
f 863/408/947 868/409/628 1211/407/1034 1208/404/1331
f 1210/410/1332 1213/413/1031 1212/412/1029 1209/411/1333
f 1209/411/1333 1212/412/1029 864/415/623 859/414/949
usemtl boots
f 718/67/757 717/67/758 688/67/759 687/67/760
f 720/67/761 719/67/762 686/67/763 685/67/764
f 722/67/765 721/67/766 684/67/767 683/67/768
f 717/67/758 722/67/765 683/67/768 688/67/759
f 719/67/762 718/67/757 687/67/760 686/67/763
f 721/67/766 720/67/761 685/67/764 684/67/767
f 684/67/767 685/67/764 691/67/769 690/67/770
f 687/67/760 688/67/759 694/67/771 693/67/772
f 685/67/764 686/67/763 692/67/773 691/67/769
f 683/67/768 684/67/767 690/67/770 689/67/774
f 688/67/759 683/67/768 689/67/774 694/67/771
f 686/67/763 687/67/760 693/67/772 692/67/773
f 689/67/774 690/67/770 696/67/775 695/67/776
f 694/67/771 689/67/774 695/67/776 700/67/777
f 692/67/773 693/67/772 699/67/778 698/67/779
f 690/67/770 691/67/769 697/67/780 696/67/775
f 693/67/772 694/67/771 700/67/777 699/67/778
f 691/67/769 692/67/773 698/67/779 697/67/780
f 716/67/781 695/67/776 714/67/782
f 697/67/780 698/67/779 713/67/783 703/67/784
f 700/67/777 695/67/776 716/67/781 701/67/785
f 696/67/775 697/67/780 703/67/784 704/67/786
f 695/67/776 696/67/775 704/67/786 714/67/782
f 699/67/778 700/67/777 701/67/785 702/67/787
f 698/67/779 699/67/778 702/67/787 715/67/788
f 705/67/789 712/67/789 711/67/789 706/67/789
f 704/67/786 703/67/784 708/67/790 709/67/791
f 707/67/792 708/67/790 703/67/784 713/67/783
f 710/67/793 707/67/793 713/67/793 714/67/793
f 715/67/794 716/67/794 714/67/794 713/67/794
f 702/67/787 701/67/785 705/67/795 706/67/796
f 707/67/797 710/67/797 709/67/797 708/67/797
f 711/67/798 712/67/798 716/67/798 715/67/798
f 713/67/783 698/67/779 715/67/788
f 678/67/799 679/67/800 720/67/801 721/67/802
f 680/67/803 681/67/804 718/67/805 719/67/806
f 682/67/807 677/67/808 722/67/809 717/67/810
f 677/67/808 678/67/799 721/67/802 722/67/809
f 679/67/800 680/67/803 719/67/806 720/67/801
f 681/67/804 682/67/807 717/67/810 718/67/805
f 706/67/796 711/67/811 715/67/788 702/67/787
f 705/67/795 701/67/785 716/67/781 712/67/812
f 709/67/791 710/67/813 714/67/782 704/67/786
f 1071/67/1145 1040/67/1146 1041/67/1147 1070/67/1148
f 1073/67/1149 1038/67/1150 1039/67/1151 1072/67/1152
f 1075/67/1153 1036/67/1154 1037/67/1155 1074/67/1156
f 1070/67/1148 1041/67/1147 1036/67/1154 1075/67/1153
f 1072/67/1152 1039/67/1151 1040/67/1146 1071/67/1145
f 1074/67/1156 1037/67/1155 1038/67/1150 1073/67/1149
f 1037/67/1155 1043/67/1157 1044/67/1158 1038/67/1150
f 1040/67/1146 1046/67/1159 1047/67/1160 1041/67/1147
f 1038/67/1150 1044/67/1158 1045/67/1161 1039/67/1151
f 1036/67/1154 1042/67/1162 1043/67/1157 1037/67/1155
f 1041/67/1147 1047/67/1160 1042/67/1162 1036/67/1154
f 1039/67/1151 1045/67/1161 1046/67/1159 1040/67/1146
f 1042/67/1162 1048/67/1163 1049/67/1164 1043/67/1157
f 1047/67/1160 1053/67/1165 1048/67/1163 1042/67/1162
f 1045/67/1161 1051/67/1166 1052/67/1167 1046/67/1159
f 1043/67/1157 1049/67/1164 1050/67/1168 1044/67/1158
f 1046/67/1159 1052/67/1167 1053/67/1165 1047/67/1160
f 1044/67/1158 1050/67/1168 1051/67/1166 1045/67/1161
f 1069/67/1169 1067/67/1170 1048/67/1163
f 1050/67/1168 1056/67/1171 1066/67/1172 1051/67/1166
f 1053/67/1165 1054/67/1173 1069/67/1169 1048/67/1163
f 1049/67/1164 1057/67/1174 1056/67/1171 1050/67/1168
f 1048/67/1163 1067/67/1170 1057/67/1174 1049/67/1164
f 1052/67/1167 1055/67/1175 1054/67/1173 1053/67/1165
f 1051/67/1166 1068/67/1176 1055/67/1175 1052/67/1167
f 1058/67/1177 1059/67/1177 1064/67/1177 1065/67/1177
f 1057/67/1174 1062/67/1178 1061/67/1179 1056/67/1171
f 1060/67/1180 1066/67/1172 1056/67/1171 1061/67/1179
f 1063/67/1181 1067/67/1181 1066/67/1181 1060/67/1181
f 1068/67/1182 1066/67/1182 1067/67/1182 1069/67/1182
f 1055/67/1175 1059/67/1183 1058/67/1184 1054/67/1173
f 1060/67/1185 1061/67/1185 1062/67/1185 1063/67/1185
f 1064/67/1186 1068/67/1186 1069/67/1186 1065/67/1186
f 1066/67/1172 1068/67/1176 1051/67/1166
f 1031/67/1187 1074/67/1188 1073/67/1189 1032/67/1190
f 1033/67/1191 1072/67/1192 1071/67/1193 1034/67/1194
f 1035/67/1195 1070/67/1196 1075/67/1197 1030/67/1198
f 1030/67/1198 1075/67/1197 1074/67/1188 1031/67/1187
f 1032/67/1190 1073/67/1189 1072/67/1192 1033/67/1191
f 1034/67/1194 1071/67/1193 1070/67/1196 1035/67/1195
f 1059/67/1183 1055/67/1175 1068/67/1176 1064/67/1199
f 1058/67/1184 1065/67/1200 1069/67/1169 1054/67/1173
f 1062/67/1178 1057/67/1174 1067/67/1170 1063/67/1201
usemtl tights
f 866/67/622 864/67/623 592/67/624 591/67/625
f 867/68/626 866/67/622 591/67/625 588/69/627
f 868/69/628 865/69/629 589/69/630 590/69/631
f 865/69/629 867/68/626 588/69/627 589/69/630
f 591/67/625 592/67/624 597/67/632 596/67/633
f 590/69/631 589/69/630 594/69/634 595/69/635
f 588/69/627 591/67/625 596/67/633 847/69/636
f 589/69/630 588/69/627 847/69/636 594/69/634
f 621/67/721 656/67/722 622/67/723
f 656/67/722 621/67/721 657/67/724
f 621/67/721 623/67/725 657/67/724
f 657/67/724 623/67/725 658/67/726
f 624/67/727 651/67/728 623/67/725
f 623/67/725 651/67/728 658/67/726
f 651/67/728 652/67/729 658/67/726
f 655/67/730 625/69/690 622/67/723
f 656/67/722 655/67/730 622/67/723
f 655/67/730 654/67/731 625/69/690
f 625/69/690 654/67/731 626/69/691
f 653/67/732 626/69/691 654/67/731
f 653/67/732 654/67/731 652/67/729
f 654/67/731 655/67/730 661/67/733 660/67/734
f 657/67/724 658/67/726 664/67/735 663/67/736
f 655/67/730 656/67/722 662/67/737 661/67/733
f 652/67/729 654/67/731 660/67/734 659/67/738
f 658/67/726 652/67/729 659/67/738 664/67/735
f 656/67/722 657/67/724 663/67/736 662/67/737
f 662/67/737 663/67/736 669/67/739 668/67/740
f 660/67/734 661/67/733 667/67/741 666/67/742
f 663/67/736 664/67/735 670/67/743 669/67/739
f 661/67/733 662/67/737 668/67/740 667/67/741
f 659/67/738 660/67/734 666/67/742 665/67/744
f 664/67/735 659/67/738 665/67/744 670/67/743
f 669/67/739 670/67/743 676/67/745 675/67/746
f 667/67/741 668/67/740 674/67/747 673/67/748
f 665/67/744 666/67/742 672/67/749 671/67/750
f 670/67/743 665/67/744 671/67/750 676/67/745
f 668/67/740 669/67/739 675/67/746 674/67/747
f 666/67/742 667/67/741 673/67/748 672/67/749
f 676/67/745 671/67/750 677/67/751 682/67/752
f 674/67/747 675/67/746 681/67/753 680/67/754
f 672/67/749 673/67/748 679/67/755 678/67/756
f 675/67/746 676/67/745 682/67/752 681/67/753
f 673/67/748 674/67/747 680/67/754 679/67/755
f 671/67/750 672/67/749 678/67/756 677/67/751
f 1212/67/1029 958/67/1030 592/67/624 864/67/623
f 1213/68/1031 956/69/1032 958/67/1030 1212/67/1029
f 868/69/628 590/69/631 957/69/1033 1211/69/1034
f 1211/69/1034 957/69/1033 956/69/1032 1213/68/1031
f 958/67/1030 961/67/1035 597/67/632 592/67/624
f 590/69/631 595/69/635 960/69/1036 957/69/1033
f 956/69/1032 1200/69/1037 961/67/1035 958/67/1030
f 957/69/1033 960/69/1036 1200/69/1037 956/69/1032
f 979/67/1113 980/67/1114 1009/67/1115
f 1009/67/1115 1010/67/1116 979/67/1113
f 979/67/1113 1010/67/1116 981/67/1117
f 1010/67/1116 1011/67/1118 981/67/1117
f 624/67/727 981/67/1117 651/67/728
f 981/67/1117 1011/67/1118 651/67/728
f 651/67/728 1011/67/1118 652/67/729
f 1008/67/1119 980/67/1114 982/69/1084
f 1009/67/1115 980/67/1114 1008/67/1119
f 1008/67/1119 982/69/1084 1007/67/1120
f 982/69/1084 626/69/691 1007/67/1120
f 653/67/732 1007/67/1120 626/69/691
f 653/67/732 652/67/729 1007/67/1120
f 1007/67/1120 1013/67/1121 1014/67/1122 1008/67/1119
f 1010/67/1116 1016/67/1123 1017/67/1124 1011/67/1118
f 1008/67/1119 1014/67/1122 1015/67/1125 1009/67/1115
f 652/67/729 1012/67/1126 1013/67/1121 1007/67/1120
f 1011/67/1118 1017/67/1124 1012/67/1126 652/67/729
f 1009/67/1115 1015/67/1125 1016/67/1123 1010/67/1116
f 1015/67/1125 1021/67/1127 1022/67/1128 1016/67/1123
f 1013/67/1121 1019/67/1129 1020/67/1130 1014/67/1122
f 1016/67/1123 1022/67/1128 1023/67/1131 1017/67/1124
f 1014/67/1122 1020/67/1130 1021/67/1127 1015/67/1125
f 1012/67/1126 1018/67/1132 1019/67/1129 1013/67/1121
f 1017/67/1124 1023/67/1131 1018/67/1132 1012/67/1126
f 1022/67/1128 1028/67/1133 1029/67/1134 1023/67/1131
f 1020/67/1130 1026/67/1135 1027/67/1136 1021/67/1127
f 1018/67/1132 1024/67/1137 1025/67/1138 1019/67/1129
f 1023/67/1131 1029/67/1134 1024/67/1137 1018/67/1132
f 1021/67/1127 1027/67/1136 1028/67/1133 1022/67/1128
f 1019/67/1129 1025/67/1138 1026/67/1135 1020/67/1130
f 1029/67/1134 1035/67/1139 1030/67/1140 1024/67/1137
f 1027/67/1136 1033/67/1141 1034/67/1142 1028/67/1133
f 1025/67/1138 1031/67/1143 1032/67/1144 1026/67/1135
f 1028/67/1133 1034/67/1142 1035/67/1139 1029/67/1134
f 1026/67/1135 1032/67/1144 1033/67/1141 1027/67/1136
f 1024/67/1137 1030/67/1140 1031/67/1143 1025/67/1138
usemtl shirt
f 600/70/641 601/71/642 876/72/643 874/73/644
f 598/74/649 881/75/650 877/76/651 602/77/652
f 596/78/633 597/79/632 606/80/653 605/81/654 911/82/655 905/83/655
f 595/84/635 594/85/634 607/86/656 608/87/657
f 598/74/649 880/88/658 881/75/650
f 604/89/659 883/90/660 880/88/658 598/74/649
f 599/91/661 600/70/641 871/92/662 870/93/663
f 608/87/657 607/86/656 613/94/668 614/95/669
f 605/81/654 606/80/653 612/96/670 611/97/671
f 599/98/661 870/99/663 872/100/672 609/101/673
f 599/98/661 609/101/673 603/102/674
f 604/103/659 603/102/674 610/104/675
f 609/101/673 610/104/675 603/102/674
f 611/97/671 612/96/670 618/105/680 617/106/681
f 609/101/673 872/100/672 873/107/682 615/108/683
f 610/104/675 609/101/673 615/108/683 616/109/684
f 614/95/669 613/94/668 619/110/685 620/111/686
f 603/113/674 604/89/659 634/114/696 633/115/697
f 602/77/652 593/116/698 627/117/699 632/118/700
f 601/71/642 600/70/641 630/119/701 631/120/702
f 600/70/641 599/91/661 629/121/703 630/119/701
f 604/89/659 598/74/649 628/122/704 634/114/696
f 593/123/698 601/71/642 631/120/702 627/124/699
f 598/74/649 602/77/652 632/118/700 628/122/704
f 599/91/661 603/125/674 633/126/697 629/121/703
f 633/115/697 634/114/696 642/127/705 641/128/706
f 632/118/700 627/117/699 635/129/707 640/130/708
f 631/120/702 630/119/701 638/131/709 639/132/710
f 629/121/703 633/126/697 641/133/706 637/134/711
f 634/114/696 628/122/704 636/135/712 642/127/705
f 627/124/699 631/120/702 639/132/710 635/136/707
f 628/122/704 632/118/700 640/130/708 636/135/712
f 630/119/701 629/121/703 637/134/711 638/131/709
f 642/127/705 636/135/712 644/137/713 650/138/714
f 635/136/707 639/132/710 647/139/715 643/140/716
f 636/135/712 640/130/708 648/141/717 644/137/713
f 638/131/709 637/134/711 645/142/718 646/143/719
f 641/128/706 642/127/705 650/138/714 649/144/720
f 640/130/708 635/129/707 643/145/716 648/141/717
f 639/132/710 638/131/709 646/143/719 647/139/715
f 637/134/711 641/133/706 649/146/720 645/142/718
f 875/416/950 869/417/951 593/123/698
f 869/417/951 876/72/643 601/71/642 593/123/698
f 874/73/644 907/420/960 909/421/960 871/92/662 600/70/641
f 877/76/651 882/423/967 593/116/698 602/77/652
f 879/425/694 878/426/970 610/104/675 616/109/684
f 878/426/970 883/427/660 604/103/659 610/104/675
f 882/423/967 875/428/950 593/116/698
f 909/431/957 907/432/990 927/433/991 926/434/992
f 905/435/677 911/436/995 922/437/984 923/438/983
f 964/70/1042 1219/73/1043 1221/72/1044 965/71/1045
f 962/74/1050 966/77/1051 1222/76/1052 1226/75/1053
f 961/78/1035 1250/83/1054 1256/82/1054 969/81/1055 606/80/653 597/79/632
f 595/84/635 608/87/657 970/86/1056 960/85/1036
f 962/74/1050 1226/75/1053 1225/88/1057
f 968/89/1058 962/74/1050 1225/88/1057 1228/90/1059
f 963/91/1060 1215/93/1061 1216/92/1062 964/70/1042
f 608/87/657 614/95/669 974/94/1067 970/86/1056
f 969/81/1055 973/97/1068 612/96/670 606/80/653
f 963/98/1060 971/101/1069 1217/100/1070 1215/99/1061
f 963/98/1060 967/102/1071 971/101/1069
f 968/103/1058 972/104/1072 967/102/1071
f 971/101/1069 967/102/1071 972/104/1072
f 973/97/1068 977/106/1077 618/105/680 612/96/670
f 971/101/1069 975/108/1078 1218/107/1079 1217/100/1070
f 972/104/1072 976/109/1080 975/108/1078 971/101/1069
f 614/95/669 620/111/686 978/110/1081 974/94/1067
f 967/113/1071 989/115/1088 990/114/1089 968/89/1058
f 966/77/1051 988/118/1090 983/117/1091 959/116/1092
f 965/71/1045 987/120/1093 986/119/1094 964/70/1042
f 964/70/1042 986/119/1094 985/121/1095 963/91/1060
f 968/89/1058 990/114/1089 984/122/1096 962/74/1050
f 959/123/1092 983/124/1091 987/120/1093 965/71/1045
f 962/74/1050 984/122/1096 988/118/1090 966/77/1051
f 963/91/1060 985/121/1095 989/126/1088 967/125/1071
f 989/115/1088 997/128/1097 998/127/1098 990/114/1089
f 988/118/1090 996/130/1099 991/129/1100 983/117/1091
f 987/120/1093 995/132/1101 994/131/1102 986/119/1094
f 985/121/1095 993/134/1103 997/133/1097 989/126/1088
f 990/114/1089 998/127/1098 992/135/1104 984/122/1096
f 983/124/1091 991/136/1100 995/132/1101 987/120/1093
f 984/122/1096 992/135/1104 996/130/1099 988/118/1090
f 986/119/1094 994/131/1102 993/134/1103 985/121/1095
f 998/127/1098 1006/138/1105 1000/137/1106 992/135/1104
f 991/136/1100 999/140/1107 1003/139/1108 995/132/1101
f 992/135/1104 1000/137/1106 1004/141/1109 996/130/1099
f 994/131/1102 1002/143/1110 1001/142/1111 993/134/1103
f 997/128/1097 1005/144/1112 1006/138/1105 998/127/1098
f 996/130/1099 1004/141/1109 999/145/1107 991/129/1100
f 995/132/1101 1003/139/1108 1002/143/1110 994/131/1102
f 993/134/1103 1001/142/1111 1005/146/1112 997/133/1097
f 1220/416/1334 959/123/1092 1214/417/1335
f 1214/417/1335 959/123/1092 965/71/1045 1221/72/1044
f 1219/73/1043 964/70/1042 1216/92/1062 1254/421/1344 1252/420/1344
f 1222/76/1052 966/77/1051 959/116/1092 1227/423/1351
f 1224/425/1087 976/109/1080 972/104/1072 1223/426/1354
f 1223/426/1354 972/104/1072 968/103/1058 1228/427/1059
f 1227/423/1351 959/116/1092 1220/428/1334
f 1254/431/1343 1271/434/1374 1272/433/1375 1252/432/1376
f 1250/435/1076 1268/438/1369 1267/437/1368 1256/436/1379
usemtl skirt_
f 617/67/681 618/67/680 854/67/687 853/67/688
f 615/67/683 873/67/682 617/67/681 853/67/688 858/67/689
f 625/69/690 626/69/691 856/69/692 855/69/693
f 619/69/685 879/112/694 616/67/684 857/67/695 855/69/693
f 855/69/693 857/67/695 622/67/723 625/69/690
f 623/67/725 621/67/721 858/67/689 853/67/688
f 621/67/721 622/67/723 857/67/695 858/67/689
f 616/67/684 615/67/683 858/67/689 857/67/695
f 620/69/686 619/69/685 855/69/693 856/69/692
f 624/67/727 623/67/725 853/67/688 854/67/687
f 977/67/1077 1204/67/1082 854/67/687 618/67/680
f 975/67/1078 1207/67/1083 1204/67/1082 977/67/1077 1218/67/1079
f 982/69/1084 1205/69/1085 856/69/692 626/69/691
f 978/69/1081 1205/69/1085 1206/67/1086 976/67/1080 1224/112/1087
f 1205/69/1085 982/69/1084 980/67/1114 1206/67/1086
f 981/67/1117 1204/67/1082 1207/67/1083 979/67/1113
f 979/67/1113 1207/67/1083 1206/67/1086 980/67/1114
f 976/67/1080 1206/67/1086 1207/67/1083 975/67/1078
f 620/69/686 856/69/692 1205/69/1085 978/69/1081
f 624/67/727 854/67/687 1204/67/1082 981/67/1117
usemtl choker
f 851/69/939 850/69/938 862/403/945 860/69/946
f 852/69/942 851/69/939 860/69/946 863/403/947
f 850/69/938 849/67/943 861/67/948 862/403/945
f 849/67/943 848/67/944 859/67/949 861/67/948
f 1203/69/1326 1208/69/1331 1210/403/1332 1202/69/1327
f 852/69/942 863/403/947 1208/69/1331 1203/69/1326
f 1202/69/1327 1210/403/1332 1209/67/1333 1201/67/1330
f 1201/67/1330 1209/67/1333 859/67/949 848/67/944
usemtl suspenders
f 605/67/637 611/67/638 897/67/639 888/67/640
f 874/67/645 876/67/646 901/67/647 900/67/648
f 875/69/664 882/69/665 884/69/666 898/69/667
f 596/67/676 905/67/677 904/67/678 887/67/679
f 873/67/682 872/67/940 896/67/941
f 611/67/638 617/67/681 897/67/639
f 883/418/952 878/419/953 894/419/954 892/418/955
f 871/67/956 909/67/957 910/67/958 889/67/959
f 613/69/961 607/69/962 890/69/963 895/69/964
f 880/422/965 883/418/952 892/418/955 891/422/966
f 876/67/646 869/424/968 886/424/969 901/67/647
f 619/69/685 613/69/961 895/69/964
f 878/419/953 879/112/694 894/419/954
f 887/67/679 901/67/647 886/424/969
f 885/69/971 884/69/666 902/429/972
f 887/67/679 904/67/678 906/67/973 900/67/648
f 890/69/963 892/418/955 894/419/954 895/69/964
f 895/69/964 894/419/954 879/112/694 619/69/685
f 899/69/974 887/67/679 886/424/969 898/69/667
f 885/69/971 899/69/974 898/69/667 884/69/666
f 896/67/941 893/67/975 888/67/640 897/67/639
f 893/67/975 889/67/959 888/67/640
f 873/67/682 896/67/941 897/67/639 617/67/681
f 900/67/648 901/67/647 887/67/679
f 903/430/976 891/422/966 890/69/963 885/69/971
f 902/429/972 903/430/976 885/69/971
f 891/422/966 892/418/955 890/69/963
f 882/69/665 877/429/977 902/429/972 884/69/666
f 869/424/968 875/69/664 898/69/667 886/424/969
f 881/430/978 880/422/965 891/422/966 903/430/976
f 607/69/962 594/69/979 885/69/971 890/69/963
f 847/69/980 596/67/676 887/67/679 899/69/974
f 872/67/940 870/67/981 893/67/975 896/67/941
f 877/429/977 881/430/978 903/430/976 902/429/972
f 594/69/979 847/69/980 899/69/974 885/69/971
f 870/67/981 871/67/956 889/67/959 893/67/975
f 912/67/986 916/67/987 933/67/988 932/67/989
f 906/67/973 907/67/990 874/67/645 900/67/648
f 910/67/958 908/67/994 888/67/640 889/67/959
f 908/67/994 911/67/995 605/67/637 888/67/640
f 915/67/997 914/67/998 913/67/999 917/67/1000 919/67/1001 918/67/1002 916/67/987 912/67/986
f 915/67/997 912/67/986 932/67/989 931/67/1003
f 917/67/1000 913/67/999 929/67/1005 928/67/1004
f 916/67/987 918/67/1002 934/67/1007 933/67/988
f 913/67/999 914/67/998 930/67/1006 929/67/1005
f 918/67/1002 919/67/1001 935/67/1008 934/67/1007
f 914/67/998 915/67/997 931/67/1003 930/67/1006
f 919/67/1001 917/67/1000 928/67/1004 935/67/1008
f 969/67/1038 1233/67/1039 1242/67/1040 973/67/1041
f 1219/67/1046 1245/67/1047 1246/67/1048 1221/67/1049
f 1220/69/1063 1243/69/1064 1229/69/1065 1227/69/1066
f 961/67/1073 1232/67/1074 1249/67/1075 1250/67/1076
f 1218/67/1079 1241/67/1328 1217/67/1329
f 973/67/1041 1242/67/1040 977/67/1077
f 1228/418/1336 1237/418/1337 1239/419/1338 1223/419/1339
f 1216/67/1340 1234/67/1341 1255/67/1342 1254/67/1343
f 974/69/1345 1240/69/1346 1235/69/1347 970/69/1348
f 1225/422/1349 1236/422/1350 1237/418/1337 1228/418/1336
f 1221/67/1049 1246/67/1048 1231/424/1352 1214/424/1353
f 978/69/1081 1240/69/1346 974/69/1345
f 1223/419/1339 1239/419/1338 1224/112/1087
f 1232/67/1074 1231/424/1352 1246/67/1048
f 1230/69/1355 1247/429/1356 1229/69/1065
f 1232/67/1074 1245/67/1047 1251/67/1357 1249/67/1075
f 1235/69/1347 1240/69/1346 1239/419/1338 1237/418/1337
f 1240/69/1346 978/69/1081 1224/112/1087 1239/419/1338
f 1244/69/1358 1243/69/1064 1231/424/1352 1232/67/1074
f 1230/69/1355 1229/69/1065 1243/69/1064 1244/69/1358
f 1241/67/1328 1242/67/1040 1233/67/1039 1238/67/1359
f 1238/67/1359 1233/67/1039 1234/67/1341
f 1218/67/1079 977/67/1077 1242/67/1040 1241/67/1328
f 1245/67/1047 1232/67/1074 1246/67/1048
f 1248/430/1360 1230/69/1355 1235/69/1347 1236/422/1350
f 1247/429/1356 1230/69/1355 1248/430/1360
f 1236/422/1350 1235/69/1347 1237/418/1337
f 1227/69/1066 1229/69/1065 1247/429/1356 1222/429/1361
f 1214/424/1353 1231/424/1352 1243/69/1064 1220/69/1063
f 1226/430/1362 1248/430/1360 1236/422/1350 1225/422/1349
f 970/69/1348 1235/69/1347 1230/69/1355 960/69/1363
f 1200/69/1364 1244/69/1358 1232/67/1074 961/67/1073
f 1217/67/1329 1241/67/1328 1238/67/1359 1215/67/1365
f 1222/429/1361 1247/429/1356 1248/430/1360 1226/430/1362
f 960/69/1363 1230/69/1355 1244/69/1358 1200/69/1364
f 1215/67/1365 1238/67/1359 1234/67/1341 1216/67/1340
f 1257/67/1370 1277/67/1371 1278/67/1372 1261/67/1373
f 1251/67/1357 1245/67/1047 1219/67/1046 1252/67/1376
f 1255/67/1342 1234/67/1341 1233/67/1039 1253/67/1378
f 1253/67/1378 1233/67/1039 969/67/1038 1256/67/1379
f 1260/67/1381 1257/67/1370 1261/67/1373 1263/67/1382 1264/67/1383 1262/67/1384 1258/67/1385 1259/67/1386
f 1260/67/1381 1276/67/1387 1277/67/1371 1257/67/1370
f 1262/67/1384 1273/67/1389 1274/67/1388 1258/67/1385
f 1261/67/1373 1278/67/1372 1279/67/1392 1263/67/1382
f 1258/67/1385 1274/67/1388 1275/67/1390 1259/67/1386
f 1263/67/1382 1279/67/1392 1280/67/1391 1264/67/1383
f 1259/67/1386 1275/67/1390 1276/67/1387 1260/67/1381
f 1264/67/1383 1280/67/1391 1273/67/1389 1262/67/1384
usemtl suspenders_buckle
f 921/67/982 923/67/983 922/67/984 920/67/985
f 906/67/973 904/67/678 921/67/982 925/67/993
f 908/67/994 910/67/958 924/67/996 920/67/985
f 904/67/678 905/67/677 923/67/983 921/67/982
f 910/67/958 909/67/957 926/67/992 924/67/996
f 925/67/993 921/67/982 932/67/989 933/67/988 928/67/1004 929/67/1005
f 924/67/996 926/67/992 927/67/991 925/67/993
f 924/67/996 930/67/1006 931/67/1003 920/67/985
f 933/67/988 934/67/1007 935/67/1008 928/67/1004
f 929/67/1005 930/67/1006 924/67/996 925/67/993
f 920/67/985 931/67/1003 932/67/989 921/67/982
f 911/67/995 908/67/994 920/67/985 922/67/984
f 907/67/990 906/67/973 925/67/993 927/67/991
f 1266/67/1366 1265/67/1367 1267/67/1368 1268/67/1369
f 1251/67/1357 1270/67/1377 1266/67/1366 1249/67/1075
f 1253/67/1378 1265/67/1367 1269/67/1380 1255/67/1342
f 1249/67/1075 1266/67/1366 1268/67/1369 1250/67/1076
f 1255/67/1342 1269/67/1380 1271/67/1374 1254/67/1343
f 1270/67/1377 1274/67/1388 1273/67/1389 1278/67/1372 1277/67/1371 1266/67/1366
f 1269/67/1380 1270/67/1377 1272/67/1375 1271/67/1374
f 1269/67/1380 1265/67/1367 1276/67/1387 1275/67/1390
f 1278/67/1372 1273/67/1389 1280/67/1391 1279/67/1392
f 1274/67/1388 1270/67/1377 1269/67/1380 1275/67/1390
f 1265/67/1367 1266/67/1366 1277/67/1371 1276/67/1387
f 1256/67/1379 1267/67/1368 1265/67/1367 1253/67/1378
f 1252/67/1376 1272/67/1375 1270/67/1377 1251/67/1357
o hair
v -0.209767 19.860092 -0.060411
v 0.364647 20.418213 -1.894504
v 1.957844 17.607677 -0.695678
v 0.615960 18.912268 0.054259
v 1.800200 17.681133 -1.894503
v 0.669202 19.917568 -1.894504
v 1.085188 19.597830 -1.894504
v 1.614342 18.966328 -1.894504
v 1.127951 18.579742 -0.167817
v 1.993239 16.945763 -0.837952
v 1.226947 18.304800 -0.155688
v 1.407010 17.635040 -0.013892
v 1.895991 17.267769 -0.629422
v 1.664222 17.171545 -0.273341
v 1.553445 16.661222 -0.455140
v 1.943375 17.987514 -1.040005
v -0.041904 20.182808 -0.644678
v 1.038779 19.906752 -0.610499
v 1.048858 18.476555 -0.013299
v 0.770605 18.608408 -0.003173
v 0.252923 18.235266 0.334725
v 0.506601 18.584076 0.194492
v 0.204104 18.422724 0.327975
v 0.151850 18.867895 0.321224
v -0.018704 18.318005 0.405556
v -0.254253 19.011860 0.316161
v -0.271320 18.308670 0.404712
v -0.293454 18.158958 0.405134
v -0.983307 19.860092 -0.337023
v -0.396073 18.708889 0.316162
v -1.161270 18.803944 0.076825
v -1.544227 19.721849 -0.564682
v -1.549701 18.114534 -0.023639
v -0.708281 20.330420 -0.749113
v -0.983307 20.190098 -0.585945
v -1.444226 19.855185 -0.813603
v 0.603956 20.726460 -1.894504
v 0.266645 20.735184 -1.438124
v -0.259768 20.596769 -0.853858
v 0.399874 20.041380 -1.894504
v 1.593352 19.215794 -0.880454
v 1.443804 18.180441 -0.195073
v 0.499790 19.936726 -0.212882
v 1.596818 18.872272 -0.481837
v 1.817895 18.381958 -1.326181
v 1.842143 16.645681 -1.348262
v 1.770331 17.040798 -1.009953
v -1.897902 19.453075 -0.732434
v -1.645689 17.612448 -0.177358
v -1.904191 19.606392 -0.981355
v -1.896785 18.362881 -0.485273
v -2.254518 18.675339 -0.827709
v -2.119776 18.082304 -0.651188
v -0.674449 18.521120 0.316161
v -1.057840 18.403082 0.076824
v -1.548266 17.099695 -0.177358
v -2.013002 17.798855 -0.590310
v -1.927535 17.585154 -0.381812
v -1.882334 17.345896 -0.581793
v -1.450844 16.627964 -0.278349
v -1.804474 17.015999 -0.381811
v -1.903336 17.321087 -0.498205
v -1.452279 17.560762 -0.023640
v -1.512373 17.366325 -0.132088
v -1.315681 17.202042 -0.023639
v -1.321131 18.333702 0.041171
v -1.419914 18.420200 -0.013961
v -1.475186 18.594139 -0.084734
v 1.825547 17.473064 -1.718242
v -2.221617 18.627460 -1.434828
v -2.250421 18.139811 -1.522774
v -2.073463 17.804625 -1.553104
v -2.149092 17.380516 -1.064550
v -1.917786 16.759083 -0.819427
v -1.659922 16.141600 -1.301036
v -1.647455 17.804625 -2.401229
v -2.012549 16.876690 -1.459247
v -1.883540 16.801853 -2.072796
v -1.698821 18.627460 -2.311806
v -1.752345 18.088074 -2.306049
v -1.990524 15.932749 -1.779881
v -1.608086 17.323093 -2.385242
v 0.102911 18.088074 -3.126899
v 0.079975 18.627459 -3.113810
v -1.123328 17.804623 -2.909157
v -1.132654 18.627459 -2.901785
v -1.109718 18.088074 -3.018495
v -1.194631 17.323093 -2.754835
v 0.089301 17.804621 -3.249173
v 1.225713 18.627460 -2.888195
v 1.248649 18.013489 -3.191018
v 0.096449 17.323090 -3.120357
v -1.187733 18.545908 0.058997
v 1.061686 17.885712 -2.895568
v 1.242187 17.323093 -2.785523
v 1.759056 17.291986 -1.933715
v 1.681504 16.866657 -2.021224
v 1.846734 17.771008 -1.605144
v 1.830399 16.663694 -1.626397
v -1.774593 16.106733 -2.389983
v 1.600013 16.941023 -2.257343
v -2.235651 17.801214 -0.984195
v -2.377165 18.136415 -1.009889
v 1.359401 17.136398 -0.119881
v 1.227363 17.628237 0.139380
v 1.241252 17.373911 0.139380
v 1.430553 16.919718 -0.197375
v 1.801064 17.088165 -0.526823
v 1.822549 18.627567 -0.960269
v 1.799907 17.218702 -1.309247
v 1.932002 17.306324 -0.723980
v 1.850155 17.331547 -1.484884
v -2.414780 17.600544 -1.410092
v -2.292113 17.238825 -1.373984
v -2.525535 17.598988 -1.273934
v -1.688730 19.667007 -1.444939
v -1.286287 19.667007 -2.120025
v 0.083008 19.667006 -2.737398
v -0.850459 19.667004 -2.574184
v 0.774536 19.667006 -2.426182
v -0.124795 20.735184 -1.438124
v -0.651208 20.596769 -0.853858
v -0.660605 20.230907 -1.438124
v -1.187018 20.092495 -0.853858
v -1.348379 19.944901 -1.426800
v -1.064106 19.933123 -2.011926
v -1.904507 16.557640 -1.197760
v -1.445683 15.461832 -2.760360
v -1.127325 15.684957 -2.948792
v 0.573474 15.721007 -3.209766
v 1.151134 15.427483 -3.151957
v 1.471656 15.971274 -2.477582
v 1.836100 15.956346 -2.279131
v -1.601106 15.840323 -2.424336
v -0.729883 15.300337 -3.162408
v 0.142176 15.395685 -3.325370
v -0.404650 15.580171 -3.244103
v -1.927049 16.425653 -1.414754
v 1.040183 15.979876 -2.866459
v -1.670100 16.154659 -2.681948
v -1.176325 16.267334 -3.072071
v 0.276838 16.459396 -3.242750
v 1.553396 16.320045 -2.299823
v -1.506823 15.848108 -2.689641
v 1.512526 16.145660 -2.388701
v 1.763475 16.229679 -1.871257
v 1.492214 17.553030 -2.423513
v 1.544966 17.869450 -2.442017
v 1.823424 17.369570 -2.271983
v 1.919561 17.301506 -2.068651
v 1.962259 16.880314 -2.176554
v -1.840122 17.504377 -2.838380
v -1.976960 17.894854 -2.621890
v 2.108143 18.498398 -0.778928
v -1.682446 17.926504 -2.976849
v -1.500154 19.175117 -0.282967
v -1.897188 18.929192 -0.599068
v -2.194190 18.739765 -0.346294
v -0.479554 17.323092 -2.957283
v -0.515234 17.804623 -3.079664
v -0.202259 17.242405 -3.538925
v -1.474711 19.192196 -2.207621
v -1.907907 19.239441 -1.440781
v -1.695653 19.216291 -1.816511
v -1.516983 19.667007 -1.733040
v -2.025184 19.226048 -1.754247
v -1.030840 19.002518 -2.783589
v 0.082114 19.360630 -2.848335
v -0.940676 19.334667 -2.678916
v 0.081102 19.013920 -2.973876
v -0.317660 19.350481 -2.782115
v -0.312938 19.009880 -2.906444
v -0.687142 19.341103 -2.720912
v -0.723322 19.005672 -2.836215
v -0.510265 18.944651 -3.137370
v 1.338636 19.295361 -1.894504
v 0.916493 19.339928 -2.571548
v 1.052364 19.026867 -2.710683
v 1.168819 19.313290 -2.166860
v 1.346794 18.995152 -2.283073
v 1.399827 19.025532 -2.628006
v 1.258980 19.546959 -1.101739
v 0.896423 19.571926 -0.386687
v 0.539949 19.582575 -0.120533
v 0.944855 19.430380 0.000307
v -0.701854 19.308338 -0.023961
v -1.082158 19.273445 -0.107148
v -0.956077 19.196915 0.222607
v 0.630165 15.600403 -3.586309
v -1.648206 16.567184 -2.577193
v -1.182859 16.644150 -2.958844
v -1.435510 16.602364 -2.751634
v -1.430316 16.209377 -2.871397
v -1.522655 16.134115 -3.131991
v 0.791436 16.919807 -2.999017
v 0.625262 17.323090 -2.965815
v 0.976460 17.035866 -3.074214
v 1.625463 18.245295 -0.372783
vn -0.0392 0.5974 0.8010
vn 0.2353 0.5472 -0.8033
vn 0.9523 -0.0260 0.3041
vn 0.4247 0.2919 0.8570
vn 0.9729 0.1358 -0.1873
vn 0.4982 0.8430 -0.2027
vn 0.7032 0.6723 -0.2313
vn 0.8694 0.4130 -0.2711
vn 0.4528 0.2716 0.8492
vn 0.8621 -0.0651 0.5025
vn 0.4125 0.1567 0.8974
vn 0.6746 0.1511 0.7225
vn 0.8541 0.0002 0.5200
vn 0.7011 -0.1031 0.7056
vn 0.5737 -0.3027 0.7611
vn 0.9964 0.0846 0.0058
vn 0.3120 0.8135 0.4908
vn 0.6488 0.7112 0.2705
vn 0.4200 0.2836 0.8621
vn 0.4147 0.1355 0.8998
vn 0.2390 0.2445 0.9397
vn 0.0167 0.1235 0.9922
vn -0.0855 0.3216 0.9430
vn -0.3721 0.5743 0.7292
vn -0.3310 0.2954 0.8962
vn -0.3850 0.2741 0.8813
vn -0.5385 0.5998 0.5918
vn -0.7425 0.0568 0.6674
vn -0.1435 0.6343 0.7597
vn -0.4236 0.7865 0.4494
vn -0.5601 0.8045 0.1976
vn 0.6931 0.5609 -0.4528
vn 0.6162 0.6943 0.3719
vn 0.1345 0.7856 0.6039
vn 0.1571 0.8719 -0.4639
vn 0.8402 0.5375 0.0718
vn 0.6559 0.2084 0.7255
vn 0.2107 0.7165 0.6650
vn 0.6516 0.3054 0.6944
vn 0.9629 0.2170 -0.1602
vn 0.9887 0.0636 0.1355
vn 0.9966 -0.0631 -0.0529
vn -0.8057 0.5176 0.2880
vn -0.6626 -0.0515 0.7472
vn -0.7590 0.6508 -0.0203
vn -0.6889 0.1081 0.7168
vn -0.8970 0.2112 0.3883
vn -0.7252 -0.0799 0.6838
vn -0.3841 0.1142 0.9162
vn -0.6151 -0.2044 0.7615
vn -0.8161 -0.1168 0.5659
vn -0.8158 -0.0842 0.5722
vn -0.9030 -0.2729 0.3319
vn -0.5407 -0.2814 0.7928
vn -0.6514 -0.2048 0.7306
vn -0.7136 -0.1543 0.6833
vn -0.6327 -0.1640 0.7569
vn -0.6223 -0.1991 0.7570
vn -0.6114 -0.2328 0.7563
vn -0.3173 0.0360 0.9476
vn -0.4523 0.1343 0.8817
vn -0.6206 0.1906 0.7606
vn 0.9801 -0.0413 -0.1939
vn -0.9154 0.2692 -0.2993
vn -0.8763 0.0643 -0.4775
vn -0.6905 -0.2990 -0.6587
vn -0.9788 -0.1969 0.0557
vn -0.9069 -0.2904 0.3053
vn -0.7878 -0.1698 -0.5921
vn -0.9886 -0.0309 -0.1476
vn -0.9447 0.0920 -0.3149
vn -0.7963 0.3399 -0.5004
vn -0.9404 -0.3323 -0.0721
vn -0.9794 0.0016 -0.2019
vn -0.8200 0.0181 -0.5721
vn -0.0190 0.0343 -0.9992
vn 0.0076 0.2840 -0.9588
vn -0.4938 -0.2165 -0.8422
vn -0.3834 0.3116 -0.8694
vn -0.1933 -0.1466 -0.9701
vn -0.5130 0.0386 -0.8575
vn 0.1442 -0.0010 -0.9895
vn 0.6060 0.3361 -0.7210
vn 0.4955 -0.1203 -0.8602
vn 0.3281 -0.1946 -0.9244
vn 0.4030 -0.3954 -0.8253
vn 0.6555 0.0233 -0.7548
vn 0.9381 -0.3092 0.1560
vn 0.9419 -0.0385 -0.3338
vn 0.9834 0.0638 -0.1696
vn 0.9664 0.0015 -0.2570
vn -0.9155 -0.0917 -0.3917
vn 0.8818 -0.0225 -0.4712
vn -0.7394 -0.3672 0.5644
vn -0.9699 0.0152 0.2431
vn 0.5132 -0.2623 0.8172
vn 0.6239 0.2448 0.7422
vn 0.8279 -0.0024 0.5608
vn 0.9581 0.1407 -0.2494
vn 0.9899 -0.1178 0.0784
vn 0.9991 -0.0413 0.0090
vn 0.9950 -0.0888 -0.0447
vn -0.6813 -0.0532 -0.7301
vn -0.0440 -0.9873 -0.1526
vn -0.9709 -0.1737 0.1646
vn -0.6861 0.6983 -0.2039
vn -0.6692 0.5461 -0.5040
vn 0.0569 0.6574 -0.7514
vn -0.3330 0.6220 -0.7087
vn 0.4651 0.6831 -0.5630
vn -0.3182 0.8907 -0.3247
vn -0.4724 0.8071 0.3542
vn -0.4253 0.7862 -0.4484
vn -0.5449 0.8385 0.0066
vn -0.5469 0.8209 -0.1645
vn -0.3643 0.8408 -0.4005
vn -0.9234 -0.2923 0.2486
vn -0.6956 0.0214 -0.7181
vn -0.4845 -0.1243 -0.8659
vn -0.2739 -0.6782 -0.6820
vn 0.4397 0.4805 -0.7588
vn 0.7341 0.1105 -0.6700
vn 0.7182 0.5328 -0.4476
vn -0.8721 -0.3483 -0.3436
vn -0.3563 0.1446 -0.9231
vn -0.0185 0.3565 -0.9341
vn -0.1733 0.0723 -0.9822
vn -0.9978 -0.0007 -0.0664
vn 0.5958 0.2324 -0.7687
vn -0.7914 -0.0979 -0.6034
vn -0.1969 -0.0529 -0.9790
vn 0.1182 0.1355 -0.9837
vn 0.8419 0.1659 -0.5136
vn -0.7699 -0.2106 -0.6025
vn 0.7641 0.1417 -0.6293
vn 0.9048 0.2238 -0.3623
vn 0.6076 -0.1990 -0.7689
vn 0.8365 -0.0791 -0.5422
vn 0.7289 0.1533 -0.6672
vn 0.9666 0.1096 0.2318
vn 0.3485 -0.9334 -0.0852
vn -0.5434 -0.7885 -0.2880
vn -0.9945 0.1032 0.0151
vn 0.7791 -0.6230 0.0695
vn -0.4427 0.2115 -0.8713
vn -0.4593 0.2827 0.8421
vn -0.8359 -0.2992 0.4603
vn -0.6696 -0.6723 0.3157
vn -0.4268 -0.1567 -0.8907
vn -0.3342 0.0405 -0.9416
vn -0.0731 -0.5366 -0.8407
vn -0.7311 0.3930 -0.5577
vn -0.9209 0.3235 -0.2175
vn -0.6929 0.2521 -0.6755
vn -0.6463 0.6229 -0.4408
vn -0.8392 -0.3376 -0.4264
vn -0.4332 0.3758 -0.8192
vn 0.0480 0.3812 -0.9232
vn -0.0935 0.4196 -0.9029
vn 0.1223 0.1943 -0.9733
vn -0.2217 0.4090 -0.8852
vn -0.3673 0.2304 -0.9011
vn -0.0430 -0.4756 -0.8786
vn 0.7204 0.6409 -0.2652
vn 0.4385 0.5634 -0.7002
vn 0.3883 0.3705 -0.8438
vn 0.7199 0.6089 -0.3332
vn 0.8453 0.4342 -0.3115
vn 0.7999 -0.2418 -0.5493
vn 0.7222 0.6749 -0.1513
vn 0.8444 -0.2352 0.4813
vn 0.1672 0.1810 0.9692
vn 0.4600 -0.5829 0.6698
vn -0.1264 0.3421 0.9311
vn -0.5901 0.2351 0.7724
vn -0.1274 -0.4872 0.8640
vn 0.0215 -0.6159 -0.7875
vn -0.7803 0.1736 -0.6009
vn -0.3986 0.3334 -0.8544
vn -0.6838 0.2872 -0.6707
vn -0.8034 -0.3497 -0.4819
vn -0.5661 -0.5883 -0.5774
vn 0.2970 -0.0489 -0.9536
vn 0.2498 0.0537 -0.9668
vn 0.5121 -0.3844 -0.7681
vn 0.7006 0.1403 0.6996
vt 0.560040 0.720153
vt 0.658651 0.652385
vt 0.581699 0.738283
vt 0.750213 0.504660
vt 0.726279 0.514228
vt 0.701375 0.533875
vt 0.637216 0.425936
vt 0.735986 0.389348
vt 0.378014 0.058249
vt 0.432351 0.033210
vt 0.478689 0.059877
vt 0.364714 0.103253
vt 0.617603 0.361627
vt 0.681695 0.369845
vt 0.855847 0.257750
vt 0.940630 0.265728
vt 0.940630 0.341022
vt 0.886840 0.307071
vt 0.828066 0.270721
vt 0.613635 0.880356
vt 0.644360 0.865307
vt 0.640302 0.914380
vt 0.599363 0.910906
vt 0.581971 0.907285
vt 0.659603 0.948835
vt 0.595864 0.961462
vt 0.582693 0.965811
vt 0.592740 0.938504
vt 0.829529 0.804390
vt 0.827902 0.838493
vt 0.790705 0.857223
vt 0.692150 0.020687
vt 0.664582 0.046284
vt 0.651171 0.034383
vt 0.486126 0.381076
vt 0.543849 0.381444
vt 0.544578 0.419864
vt 0.488622 0.408812
vt 0.570864 0.438917
vt 0.654723 0.522013
vt 0.608168 0.467850
vt 0.682771 0.561484
vt 0.960624 0.235957
vt 0.923050 0.189996
vt 0.985514 0.116081
vt 0.613559 0.814351
vt 0.741355 0.801169
vt 0.708698 0.822763
vt 0.879806 0.210076
vt 0.862084 0.116081
vt 0.640117 0.762500
vt 0.846494 0.020299
vt 0.874558 0.003718
vt 0.943286 0.056100
vt 0.898396 0.081526
vt 0.852406 0.091986
vt 0.848192 0.060665
vt 0.960469 0.064575
vt 0.987128 0.061061
vt 0.943417 0.038795
vt 0.708206 0.863546
vt 0.742326 0.928620
vt 0.996282 0.003718
vt 0.853243 0.250314
vt 0.302698 0.104665
vt 0.303648 0.072554
vt 0.238672 0.847374
vt 0.245686 0.873920
vt 0.195372 0.875375
vt 0.195168 0.848575
vt 0.616398 0.850396
vt 0.600262 0.827225
vt 0.882521 0.342633
vt 0.835769 0.344316
vt 0.620806 0.036652
vt 0.631686 0.093247
vt 0.572280 0.042949
vt 0.243175 0.336867
vt 0.199435 0.306193
vt 0.237745 0.284929
vt 0.277567 0.324425
vt 0.798642 0.336488
vt 0.809128 0.294979
vt 0.561385 0.073055
vt 0.528617 0.023389
vt 0.512258 0.049735
vt 0.486126 0.008223
vt 0.552072 0.026602
vt 0.572091 0.019812
vt 0.736184 0.036480
vt 0.791206 0.056213
vt 0.714188 0.072875
vt 0.681009 0.112526
vt 0.540799 0.003718
vt 0.578101 0.096099
vt 0.535916 0.086681
vt 0.534895 0.071316
vt 0.847262 0.010264
vt 0.296912 0.345564
vt 0.289978 0.285077
vt 0.315866 0.307602
vt 0.332869 0.371297
vt 0.353520 0.323764
vt 0.427242 0.358433
vt 0.469294 0.377763
vt 0.391979 0.377763
vt 0.045605 0.440045
vt 0.003718 0.318191
vt 0.061994 0.332948
vt 0.074356 0.388484
vt 0.300987 0.237089
vt 0.256119 0.234757
vt 0.268864 0.143512
vt 0.317548 0.153484
vt 0.494896 0.240210
vt 0.561436 0.189311
vt 0.588000 0.200418
vt 0.524223 0.257931
vt 0.156225 0.661528
vt 0.108028 0.679150
vt 0.077175 0.569017
vt 0.124690 0.552900
vt 0.617067 0.232867
vt 0.519259 0.316365
vt 0.145262 0.329979
vt 0.114555 0.376817
vt 0.046150 0.465054
vt 0.107316 0.447481
vt 0.854672 0.354005
vt 0.900307 0.351752
vt 0.902851 0.446841
vt 0.850288 0.463319
vt 0.852803 0.404465
vt 0.638938 0.156435
vt 0.626805 0.131467
vt 0.685803 0.122403
vt 0.110964 0.755064
vt 0.178075 0.707885
vt 0.186292 0.745662
vt 0.658496 0.200911
vt 0.712621 0.158066
vt 0.927922 0.358033
vt 0.932725 0.463319
vt 0.646429 0.022227
vt 0.668711 0.016433
vt 0.500577 0.622774
vt 0.518344 0.593434
vt 0.546063 0.663550
vt 0.525094 0.684452
vt 0.580846 0.584659
vt 0.119279 0.943950
vt 0.139485 0.995239
vt 0.079871 0.966758
vt 0.059364 0.911504
vt 0.334733 0.022998
vt 0.304963 0.052771
vt 0.305714 0.027398
vt 0.731431 0.715358
vt 0.642809 0.728163
vt 0.680232 0.743931
vt 0.833643 0.037105
vt 0.811815 0.008070
vt 0.027737 0.945050
vt 0.036251 0.905513
vt 0.486126 0.295154
vt 0.886923 0.527726
vt 0.852555 0.521954
vt 0.825370 0.470756
vt 0.858095 0.483619
vt 0.904799 0.102023
vt 0.882614 0.108645
vt 0.830600 0.087885
vt 0.798642 0.072468
vt 0.395808 0.016004
vt 0.447632 0.003718
vt 0.280957 0.017662
vt 0.314268 0.003718
vt 0.255492 0.094560
vt 0.339849 0.115970
vt 0.241986 0.028947
vt 0.244826 0.071633
vt 0.521502 0.825432
vt 0.545979 0.869597
vt 0.519716 0.899890
vt 0.457133 0.875652
vt 0.382753 0.284729
vt 0.342633 0.277839
vt 0.348168 0.262474
vt 0.320746 0.309529
vt 0.798642 0.527726
vt 0.053930 0.749831
vt 0.005978 0.745432
vt 0.003718 0.686994
vt 0.037065 0.684486
vt 0.070394 0.681980
vt 0.198035 0.214144
vt 0.204702 0.174823
vt 0.212494 0.133817
vt 0.062275 0.654152
vt 0.051441 0.617016
vt 0.041038 0.581358
vt 0.389975 0.515890
vt 0.400646 0.620510
vt 0.363657 0.621895
vt 0.330480 0.623308
vt 0.301399 0.622934
vt 0.289256 0.559418
vt 0.320188 0.544791
vt 0.350884 0.532169
vt 0.155172 0.247280
vt 0.156131 0.199858
vt 0.161286 0.273928
vt 0.202800 0.921968
vt 0.439917 0.573182
vt 0.432536 0.645995
vt 0.408082 0.619744
vt 0.415463 0.546930
vt 0.375604 0.855828
vt 0.337787 0.916927
vt 0.310692 0.852784
vt 0.356216 0.793423
vt 0.410663 0.479664
vt 0.431092 0.525223
vt 0.408082 0.447481
vt 0.439264 0.494277
vt 0.303206 0.783435
vt 0.354239 0.762500
vt 0.242016 0.931277
vt 0.212501 0.993346
vt 0.206972 0.952425
vt 0.245686 0.990796
vt 0.253122 0.811056
vt 0.621211 0.568921
vt 0.640826 0.612649
vt 0.258729 0.512268
vt 0.234916 0.556209
vt 0.422996 0.697133
vt 0.303179 0.985083
vt 0.284641 0.955762
vt 0.253122 0.945509
vt 0.224112 0.582576
vt 0.224112 0.722713
vt 0.284898 0.706701
vt 0.244207 0.751008
vt 0.062232 0.278522
vt 0.093731 0.257783
vt 0.108688 0.281330
vt 0.062489 0.854402
vt 0.707169 0.249416
vt 0.683491 0.268206
vt 0.664979 0.285361
vt 0.198893 0.071061
vt 0.184725 0.029002
vt 0.733783 0.274212
vt 0.115387 0.191077
vt 0.101031 0.119524
vt 0.135871 0.140108
vt 0.414799 0.320429
vt 0.881648 0.535162
vt 0.830376 0.562620
vt 0.798642 0.544367
vt 0.062961 0.208797
vt 0.003718 0.085575
vt 0.079211 0.234569
vt 0.117803 0.237157
vt 0.130463 0.260878
vt 0.059856 0.037686
vt 0.102789 0.065556
vt 0.078930 0.821649
vt 0.132139 0.819915
vt 0.139485 0.762500
vt 0.881648 0.593052
vt 0.147736 0.214049
vt 0.070710 0.838025
vt 0.155172 0.059026
vt 0.166835 0.025303
vt 0.486126 0.741463
vt 0.517867 0.708715
vt 0.522279 0.728482
vt 0.518106 0.672637
vt 0.532684 0.743931
vt 0.003718 0.986177
vt 0.216676 0.715914
vt 0.156012 0.663678
vt 0.343463 0.123406
vt 0.385977 0.128435
vt 0.540947 0.119962
vt 0.823540 0.194798
vt 0.798642 0.216727
vt 0.223499 0.792934
vt 0.148655 0.784539
vt 0.488478 0.323801
vt 0.181722 0.762500
vt 0.195435 0.346065
vt 0.574535 0.921121
vt 0.457862 0.965180
vt 0.166048 0.600865
vt 0.152060 0.544234
vt 0.383040 0.762500
vt 0.498723 0.775517
vt 0.184700 0.511374
vt 0.216676 0.547654
vt 0.555826 0.792300
vt 0.756577 0.119962
vt 0.326244 0.661226
vt 0.320242 0.695935
vt 0.316123 0.719753
vt 0.159708 0.167120
vt 0.165100 0.125666
vt 0.163445 0.964196
vt 0.146921 0.938263
vt 0.160252 0.910609
vt 0.178042 0.190568
vt 0.651351 0.582135
vt 0.019737 0.628412
vt 0.008617 0.592431
vt 0.031553 0.637935
vt 0.030014 0.661667
vt 0.360213 0.658308
vt 0.375370 0.683279
vt 0.351196 0.708805
vt 0.279803 0.481245
vt 0.296599 0.506764
vt 0.326259 0.485728
vt 0.302703 0.447481
vt 0.352968 0.533943
vt 0.351577 0.500510
vt 0.323660 0.483256
vt 0.901373 0.116484
vt 0.937492 0.116811
vt 0.741903 0.861735
vt 0.822173 0.879358
vt 0.829529 0.918278
vt 0.721458 0.323801
vt 0.912750 0.329129
vt 0.906957 0.906372
vt 0.886898 0.950622
vt 0.886898 0.889845
vt 0.731411 0.003718
vt 0.383040 0.928081
vt 0.045169 0.003718
vt 0.048336 0.256631
vt 0.722511 0.305469
vt 0.053848 0.242408
vt 0.697414 0.301805
vt 0.537429 0.911486
vt 0.819419 0.431173
vt 0.798642 0.435238
s 1
usemtl hair_
f 1285/439/1397 1288/440/1400 1378/441/1482
f 1286/442/1398 1320/443/1427 1282/444/1394 1297/445/1409 1298/446/1410
f 1296/447/1408 1389/448/1491 1324/449/1431 1283/450/1395
f 1281/451/1393 1323/452/1430 1297/445/1409
f 1306/453/1415 1281/454/1393 1309/455/1416 1466/456/1566 1310/457/1417
f 1302/458/1412 1284/459/1396 1304/460/1413 1303/461/1412 1301/462/1412
f 1304/460/1413 1306/463/1415 1307/464/1414 1308/465/1414 1305/466/1414
f 1323/467/1430 1464/468/1564 1465/469/1565
f 1311/470/1418 1348/471/1454 1347/472/1453
f 1312/473/1419 1309/474/1416 1315/475/1422 1316/476/1423
f 1309/474/1416 1281/451/1393 1314/477/1421 1315/475/1422
f 1297/445/1409 1314/477/1421 1281/451/1393
f 1297/445/1409 1318/478/1425 1319/479/1426 1314/477/1421
f 1297/445/1409 1282/444/1394 1317/480/1424 1318/478/1425
f 1298/481/1410 1462/482/1562 1286/483/1398
f 1289/484/1401 1298/485/1410 1463/486/1563 1284/459/1396
f 1321/487/1428 1288/488/1400 1462/482/1562
f 1289/484/1401 1324/489/1431 1298/485/1410
f 1293/490/1405 1283/491/1395 1322/492/1429
f 1292/493/1404 1384/494/1488 1294/495/1406
f 1291/496/1403 1322/492/1429 1289/497/1401
f 1289/497/1401 1322/492/1429 1478/498/1578
f 1322/492/1429 1291/496/1403 1292/493/1404 1293/490/1405
f 1284/459/1396 1464/499/1564 1281/500/1393 1306/463/1415 1304/460/1413
f 1323/452/1430 1298/446/1410 1297/445/1409
f 1283/491/1395 1324/501/1431 1478/498/1578
f 1298/481/1410 1324/502/1431 1321/487/1428
f 1296/447/1408 1283/450/1395 1327/503/1434 1390/504/1492
f 1312/505/1419 1316/506/1423 1330/507/1437 1328/508/1435
f 1284/459/1396 1300/509/1411 1299/510/1411 1289/484/1401
f 1310/457/1417 1466/456/1566 1467/511/1567 1311/512/1418
f 1313/513/1420 1348/471/1454 1331/514/1438 1329/515/1436
f 1331/516/1438 1437/517/1539 1332/518/1439 1333/519/1440
f 1310/457/1417 1311/512/1418 1335/520/1441 1334/521/1441
f 1329/515/1436 1338/522/1444 1336/523/1442
f 1336/523/1442 1341/524/1447 1340/525/1446
f 1313/513/1420 1329/515/1436 1344/526/1450 1343/527/1449
f 1348/471/1454 1311/470/1418 1467/528/1567 1309/529/1416 1436/530/1538
f 1331/514/1438 1348/471/1454 1436/530/1538 1437/531/1539
f 1343/527/1449 1344/526/1450 1345/532/1451
f 1338/522/1444 1329/515/1436 1331/514/1438 1337/533/1443
f 1337/533/1443 1339/534/1445 1338/522/1444
f 1341/524/1447 1336/523/1442 1338/522/1444 1342/535/1448
f 1283/491/1395 1293/490/1405 1391/536/1493
f 1331/516/1438 1333/519/1440 1337/537/1443
f 1337/537/1443 1333/519/1440 1383/538/1487 1382/539/1486
f 1339/540/1445 1337/537/1443 1382/539/1486 1353/541/1459
f 1333/519/1440 1332/518/1439 1383/538/1487
f 1339/540/1445 1353/541/1459 1407/542/1509 1355/543/1460 1354/544/1460
f 1353/545/1459 1362/546/1467 1358/547/1463 1357/548/1462
f 1351/549/1457 1350/550/1456 1359/551/1464 1360/552/1465
f 1351/553/1457 1360/554/1465 1356/555/1461 1352/556/1458
f 1367/557/1472 1366/558/1471 1364/559/1469 1363/560/1468
f 1362/561/1467 1353/562/1459 1352/556/1458 1356/555/1461
f 1357/548/1462 1358/547/1463 1361/563/1466 1418/564/1520
f 1363/560/1468 1364/559/1469 1370/565/1475 1371/566/1476
f 1372/567/1477 1369/568/1474 1374/569/1478 1375/570/1479 1476/571/1576
f 1365/572/1470 1367/573/1472 1440/574/1542
f 1359/575/1464 1366/558/1471 1435/576/1537 1433/577/1535
f 1356/555/1461 1360/554/1465 1367/573/1472 1365/572/1470
f 1362/561/1467 1356/555/1461 1365/572/1470 1368/578/1473
f 1368/578/1473 1365/572/1470 1440/574/1542 1439/579/1541
f 1369/568/1474 1363/580/1468 1371/581/1476 1374/569/1478
f 1347/472/1453 1348/471/1454 1313/513/1420
f 1347/472/1453 1346/582/1452 1373/583/1452 1311/470/1418
f 1374/584/1478 1371/585/1476 1428/586/1530 1427/587/1529
f 1371/585/1476 1370/588/1475 1288/440/1400 1285/439/1397 1428/586/1530
f 1375/589/1479 1374/590/1478 1427/591/1529 1381/592/1485
f 1378/593/1482 1392/594/1494 1349/595/1455
f 1378/441/1482 1288/440/1400 1321/596/1428 1325/597/1432
f 1321/596/1428 1389/598/1491 1325/597/1432
f 1293/490/1405 1388/599/1490 1290/600/1402
f 1381/592/1485 1376/601/1480 1377/602/1481
f 1353/562/1459 1382/603/1486 1352/556/1458
f 1383/538/1487 1332/518/1439 1350/550/1456 1351/549/1457
f 1351/604/1457 1352/605/1458 1394/606/1496 1393/607/1495
f 1292/493/1404 1291/496/1403 1385/608/1489 1386/609/1489
f 1294/495/1406 1384/494/1488 1387/610/1407 1295/611/1407
f 1294/495/1406 1388/599/1490 1293/490/1405 1292/493/1404
f 1325/612/1432 1389/448/1491 1296/447/1408 1378/593/1482
f 1324/449/1431 1389/448/1491 1434/613/1536
f 1378/593/1482 1349/595/1455 1376/614/1480 1285/615/1397
f 1296/447/1408 1390/504/1492 1392/594/1494
f 1390/504/1492 1327/503/1434 1326/616/1433
f 1283/450/1395 1391/617/1493 1327/503/1434
f 1391/536/1493 1293/490/1405 1290/600/1402
f 1349/595/1455 1377/618/1481 1376/614/1480
f 1392/594/1494 1390/504/1492 1379/619/1483
f 1392/594/1494 1378/593/1482 1296/447/1408
f 1349/595/1455 1392/594/1494 1379/619/1483 1377/618/1481
f 1372/620/1477 1476/621/1576 1475/622/1575 1422/623/1524
f 1394/624/1496 1395/625/1497 1393/626/1495
f 1382/627/1486 1383/538/1487 1395/625/1497 1394/624/1496
f 1352/605/1458 1382/628/1486 1394/606/1496
f 1383/538/1487 1351/549/1457 1393/626/1495 1395/625/1497
f 1366/558/1471 1359/575/1464 1442/629/1544 1397/630/1499 1399/631/1501 1449/632/1549 1447/633/1549
f 1359/551/1464 1350/550/1456 1443/634/1545 1444/635/1546 1442/636/1544
f 1364/559/1469 1366/558/1471 1447/633/1549 1454/637/1554 1452/638/1552 1450/639/1550
f 1370/640/1475 1364/641/1469 1450/642/1550 1448/643/1550 1398/644/1500 1400/645/1502 1457/646/1557 1458/647/1558
f 1350/550/1456 1330/648/1437 1396/649/1498 1443/634/1545
f 1330/648/1437 1350/550/1456 1332/518/1439 1328/650/1435
f 1330/507/1437 1316/506/1423 1396/651/1498
f 1319/652/1426 1318/653/1425 1401/654/1503 1402/655/1504
f 1402/656/1504 1401/657/1503 1403/658/1505 1404/659/1506
f 1319/652/1426 1402/655/1504 1404/660/1506 1314/661/1421
f 1314/661/1421 1404/660/1506 1316/662/1423 1315/663/1422
f 1403/658/1505 1405/664/1507 1316/665/1423 1404/659/1506
f 1396/651/1498 1316/506/1423 1405/666/1507
f 1397/667/1499 1445/668/1547 1396/651/1498 1405/666/1507 1406/669/1508
f 1405/664/1507 1403/658/1505 1406/670/1508
f 1288/440/1400 1370/588/1475 1458/671/1558 1460/672/1560
f 1287/673/1399 1400/645/1502 1286/674/1398
f 1317/675/1424 1401/654/1503 1318/653/1425
f 1317/676/1424 1282/677/1394 1401/657/1503
f 1401/657/1503 1282/677/1394 1403/658/1505
f 1282/677/1394 1320/678/1427 1403/658/1505
f 1403/658/1505 1320/678/1427 1406/670/1508
f 1286/674/1398 1400/645/1502 1398/644/1500 1320/679/1427
f 1320/679/1427 1398/644/1500 1406/680/1508
f 1399/681/1501 1397/682/1499 1406/680/1508
f 1398/644/1500 1399/681/1501 1406/680/1508
f 1358/547/1463 1362/546/1467 1470/683/1570 1420/684/1522 1380/685/1484
f 1381/592/1485 1377/602/1481 1423/686/1525
f 1423/686/1525 1375/589/1479 1381/592/1485
f 1361/563/1466 1358/547/1463 1380/685/1484
f 1362/561/1467 1368/578/1473 1471/687/1571 1472/688/1572 1470/689/1570
f 1377/618/1481 1426/690/1528 1423/691/1525
f 1368/578/1473 1439/579/1541 1421/692/1523 1471/687/1571
f 1409/693/1511 1417/694/1519 1415/695/1517
f 1353/541/1459 1357/696/1462 1407/542/1509
f 1419/697/1521 1410/698/1512 1469/699/1569
f 1421/700/1523 1422/701/1524 1417/694/1519
f 1420/684/1522 1473/702/1573 1421/700/1523 1409/693/1511 1424/703/1526
f 1380/685/1484 1420/684/1522 1424/703/1526 1414/704/1516
f 1417/694/1519 1422/701/1524 1410/705/1512
f 1417/694/1519 1410/705/1512 1416/706/1518
f 1417/694/1519 1409/693/1511 1421/700/1523
f 1412/707/1514 1419/708/1521 1375/589/1479
f 1419/708/1521 1412/707/1514 1411/709/1513
f 1410/698/1512 1419/697/1521 1411/710/1513
f 1414/704/1516 1424/703/1526 1408/711/1510
f 1424/703/1526 1409/693/1511 1408/711/1510
f 1375/589/1479 1423/686/1525 1425/712/1527 1412/707/1514
f 1423/691/1525 1413/713/1515 1425/714/1527
f 1431/715/1533 1429/716/1531 1430/717/1532
f 1426/690/1528 1377/618/1481 1379/619/1483
f 1423/691/1525 1426/690/1528 1413/713/1515
f 1427/718/1529 1428/586/1530 1429/716/1531 1431/715/1533
f 1381/592/1485 1427/591/1529 1376/601/1480
f 1285/439/1397 1376/719/1480 1431/715/1533 1430/717/1532
f 1376/601/1480 1427/591/1529 1431/720/1533
f 1428/586/1530 1285/439/1397 1430/717/1532 1429/716/1531
f 1432/721/1534 1433/577/1535 1435/576/1537
f 1366/558/1471 1367/722/1472 1432/721/1534 1435/576/1537
f 1360/552/1465 1359/551/1464 1433/723/1535 1432/724/1534
f 1367/573/1472 1360/554/1465 1432/725/1534
f 1389/726/1491 1321/487/1428 1434/727/1536
f 1321/487/1428 1324/502/1431 1434/727/1536
f 1436/728/1538 1312/505/1419 1438/729/1540
f 1332/518/1439 1437/517/1539 1328/650/1435
f 1436/730/1538 1309/474/1416 1312/473/1419
f 1437/731/1539 1436/728/1538 1438/729/1540
f 1328/650/1435 1437/517/1539 1438/732/1540
f 1312/505/1419 1328/508/1435 1438/729/1540
f 1422/623/1524 1475/622/1575 1375/733/1479 1419/734/1521
f 1440/735/1542 1367/557/1472 1363/560/1468 1369/736/1474
f 1421/737/1523 1439/738/1541 1372/620/1477 1422/623/1524
f 1369/736/1474 1372/739/1477 1441/740/1543
f 1372/620/1477 1439/738/1541 1441/741/1543
f 1440/735/1542 1369/736/1474 1441/740/1543
f 1439/579/1541 1440/574/1542 1441/742/1543
f 1448/643/1550 1451/743/1551 1453/744/1553 1449/745/1549 1399/681/1501 1398/644/1500
f 1442/636/1544 1444/635/1546 1445/746/1547 1397/747/1499
f 1445/668/1547 1444/748/1546 1446/749/1548
f 1443/750/1545 1396/651/1498 1446/749/1548
f 1396/651/1498 1445/668/1547 1446/749/1548
f 1444/635/1546 1443/634/1545 1446/751/1548
f 1460/672/1560 1458/671/1558 1461/752/1561
f 1450/639/1550 1452/638/1552 1451/753/1551 1448/754/1550
f 1452/638/1552 1454/637/1554 1455/755/1555
f 1453/756/1553 1454/637/1554 1447/633/1549 1449/632/1549
f 1451/743/1551 1452/757/1552 1455/758/1555
f 1454/759/1554 1453/744/1553 1455/758/1555
f 1453/744/1553 1451/743/1551 1455/758/1555
f 1456/760/1556 1459/761/1559 1457/646/1557 1400/645/1502 1287/673/1399
f 1460/762/1560 1459/761/1559 1456/760/1556 1288/763/1400
f 1458/764/1558 1457/646/1557 1461/765/1561
f 1457/646/1557 1459/761/1559 1461/765/1561
f 1459/761/1559 1460/766/1560 1461/765/1561
f 1462/482/1562 1298/481/1410 1321/487/1428
f 1286/483/1398 1462/482/1562 1288/488/1400 1456/767/1556 1287/768/1399
f 1281/500/1393 1464/499/1564 1323/769/1430
f 1463/486/1563 1464/499/1564 1284/459/1396
f 1463/770/1563 1298/771/1410 1465/469/1565
f 1298/446/1410 1323/452/1430 1465/772/1565
f 1464/468/1564 1463/770/1563 1465/469/1565
f 1467/511/1567 1466/456/1566 1468/773/1568
f 1466/774/1566 1309/775/1416 1468/776/1568
f 1309/529/1416 1467/528/1567 1468/777/1568
f 1422/623/1524 1419/734/1521 1469/778/1569
f 1410/705/1512 1422/701/1524 1469/779/1569
f 1470/683/1570 1472/780/1572 1473/702/1573 1420/684/1522
f 1472/688/1572 1471/687/1571 1474/781/1574
f 1421/700/1523 1473/702/1573 1474/782/1574
f 1473/783/1573 1472/688/1572 1474/781/1574
f 1471/687/1571 1421/692/1523 1474/781/1574
f 1475/622/1575 1476/621/1576 1477/784/1577
f 1476/571/1576 1375/570/1479 1477/785/1577
f 1375/570/1479 1475/786/1575 1477/785/1577
f 1478/498/1578 1324/501/1431 1289/497/1401
f 1478/498/1578 1322/492/1429 1283/491/1395
o glasses
v 1.556719 18.147854 -0.342117
v 0.250023 18.147856 0.580809
v 1.463396 17.731863 -0.292980
v 0.373753 17.739166 0.515663
v 1.472154 18.167154 -0.238860
v 0.334587 18.167154 0.477552
v -0.000000 18.147854 0.584093
v 0.277439 17.922359 0.566374
v 0.590405 17.549442 0.342860
v 0.903371 17.471369 0.119346
v 1.216337 17.549442 -0.104167
v 1.529303 17.922359 -0.327681
v 0.263731 18.035109 0.573591
v 0.609599 17.668484 0.342860
v -0.000000 18.035107 0.583611
v 0.385070 17.957104 0.481579
v 0.912732 17.580631 0.119346
v 1.210572 17.676756 -0.104168
v 1.392676 17.956871 -0.242887
v -1.556719 18.147854 -0.342117
v -0.250023 18.147854 0.580808
v -1.463396 17.731861 -0.292980
v -0.373754 17.739164 0.515663
v -1.472154 18.167152 -0.238861
v -0.334588 18.167152 0.477553
v -0.277439 17.922358 0.566374
v -0.590405 17.549440 0.342860
v -0.903371 17.471369 0.119346
v -1.216337 17.549440 -0.104167
v -1.529303 17.922358 -0.327682
v -0.263731 18.035107 0.573591
v -0.609599 17.668484 0.342860
v -0.385071 17.957102 0.481579
v -0.912732 17.580629 0.119346
v -1.210572 17.676756 -0.104168
v -1.392676 17.956869 -0.242887
vn 0.6731 -0.1903 0.7146
vn 0.4023 0.0681 0.9130
vn 0.6045 -0.0490 0.7951
vn 0.6032 0.0705 0.7945
vn 0.7155 -0.2827 0.6388
vn 0.7417 0.1906 0.6431
vn -0.0000 -0.0326 0.9995
vn 0.6060 0.0669 0.7927
vn 0.5722 -0.0785 0.8164
vn 0.5826 -0.0416 0.8117
vn 0.5930 0.0029 0.8052
vn 0.5483 0.0155 0.8361
vn 0.4387 0.0320 0.8981
vn 0.5790 -0.0540 0.8135
vn 0.6248 0.0771 0.7770
vn 0.5833 -0.0393 0.8113
vn 0.5905 0.0042 0.8070
vn 0.5616 -0.0049 0.8274
vn -0.6731 -0.1903 0.7146
vn -0.4023 0.0681 0.9130
vn -0.6045 -0.0490 0.7951
vn -0.6032 0.0705 0.7945
vn -0.7155 -0.2827 0.6388
vn -0.7417 0.1906 0.6431
vn -0.6060 0.0669 0.7927
vn -0.5722 -0.0785 0.8163
vn -0.5826 -0.0416 0.8117
vn -0.5930 0.0029 0.8052
vn -0.5483 0.0155 0.8361
vn -0.4387 0.0320 0.8981
vn -0.5790 -0.0540 0.8135
vn -0.6248 0.0771 0.7770
vn -0.5833 -0.0393 0.8113
vn -0.5905 0.0042 0.8070
vn -0.5616 -0.0049 0.8274
vt 0.750000 0.750000
vt 1.000000 1.000000
vt 0.750000 1.000000
vt 0.000000 0.750000
vt 0.250000 0.750000
vt 0.250000 1.000000
vt 0.000000 0.000000
vt 0.250000 0.000000
vt 0.250000 0.250000
vt 0.000000 0.250000
vt 0.250000 0.500000
vt 0.000000 0.500000
vt 0.000000 0.625000
vt 0.500000 0.000000
vt 0.500000 0.250000
vt 0.750000 0.000000
vt 0.750000 0.250000
vt 1.000000 0.250000
vt 1.000000 0.500000
vt 0.750000 0.500000
vt 1.000000 0.750000
s 1
usemtl glasses
f 1497/787/1596 1479/788/1579 1483/789/1583
f 1480/790/1580 1494/791/1593 1484/792/1584
f 1482/793/1582 1487/794/1587 1492/795/1592
f 1482/796/1582 1492/797/1592 1486/798/1586
f 1486/798/1586 1492/797/1592 1494/791/1593 1480/790/1580 1491/799/1591
f 1487/794/1587 1488/800/1588 1495/801/1594 1492/795/1592
f 1488/800/1588 1489/802/1589 1496/803/1595 1495/801/1594
f 1491/799/1591 1480/790/1580 1485/790/1585 1493/799/1585
f 1489/802/1589 1481/804/1581 1496/803/1595
f 1496/803/1595 1481/804/1581 1490/805/1590
f 1496/806/1595 1490/805/1590 1479/807/1579 1497/787/1596
f 1514/787/1613 1502/789/1601 1498/788/1597
f 1499/790/1598 1503/792/1602 1511/791/1610
f 1501/793/1600 1510/795/1609 1505/794/1604
f 1501/796/1600 1504/798/1603 1510/797/1609
f 1504/798/1603 1509/799/1608 1499/790/1598 1511/791/1610 1510/797/1609
f 1505/794/1604 1510/795/1609 1512/801/1611 1506/800/1605
f 1506/800/1605 1512/801/1611 1513/803/1612 1507/802/1606
f 1509/799/1608 1493/799/1585 1485/790/1585 1499/790/1598
f 1507/802/1606 1513/803/1612 1500/804/1599
f 1513/803/1612 1508/805/1607 1500/804/1599
f 1513/806/1612 1514/787/1613 1498/807/1597 1508/805/1607
o earrings
v 1.650021 16.562469 -1.274835
v 1.859502 16.562469 -1.274835
v 1.650021 16.939030 -1.274835
v 1.859502 16.939030 -1.274835
v 1.649925 16.986588 -1.261004
v 1.859406 16.986588 -1.261004
v 1.649925 17.149448 -1.261004
v 1.859406 17.149448 -1.261004
v 1.651379 17.192558 -1.253801
v 1.860860 17.192558 -1.253801
v 1.651379 17.355417 -1.253801
v 1.860860 17.355417 -1.253801
v -1.650021 16.562469 -1.274835
v -1.859502 16.562469 -1.274835
v -1.650021 16.939030 -1.274835
v -1.859502 16.939030 -1.274835
v -1.649925 16.986588 -1.261004
v -1.859406 16.986588 -1.261004
v -1.649925 17.149448 -1.261004
v -1.859406 17.149448 -1.261004
v -1.651379 17.192558 -1.253801
v -1.860860 17.192558 -1.253801
v -1.651379 17.355417 -1.253801
v -1.860860 17.355417 -1.253801
vn -0.0000 -0.0000 1.0000
vt 0.498457 0.894788
vt 0.001543 0.894788
vt 0.001543 0.001543
vt 0.498457 0.001543
vt 0.501543 0.498457
vt 0.501543 0.001543
vt 0.887866 0.001543
vt 0.887866 0.498457
vt 0.501543 0.998458
vt 0.501543 0.501543
vt 0.887866 0.501543
vt 0.887866 0.998457
s 0
usemtl earrings
f 1515/808/1614 1516/809/1614 1518/810/1614 1517/811/1614
f 1519/812/1614 1520/813/1614 1522/814/1614 1521/815/1614
f 1523/816/1614 1524/817/1614 1526/818/1614 1525/819/1614
f 1527/808/1614 1529/811/1614 1530/810/1614 1528/809/1614
f 1531/812/1614 1533/815/1614 1534/814/1614 1532/813/1614
f 1535/816/1614 1537/819/1614 1538/818/1614 1536/817/1614
o mouth
v -1.000000 16.401335 0.251777
v 1.000000 16.401335 0.251777
v -1.000000 17.486246 0.724578
v 1.000000 17.486246 0.724578
vn -0.0000 -0.3995 0.9167
vt 0.003122 0.198389
vt 1.001586 0.198389
vt 1.001586 0.789209
vt 0.003122 0.789209
s 0
usemtl mouth_sprite
f 1539/820/1615 1540/821/1615 1542/822/1615 1541/823/1615
o jacket
v 2.754601 15.577515 -1.594071
v 1.968788 15.352601 -2.290257
v -0.000000 14.721831 -2.958940
v 2.106756 15.378205 -0.832726
v 2.824189 14.766483 -2.362107
v 2.824192 14.229630 -1.179048
v 2.824192 14.767689 -0.908055
v 2.824192 15.358809 -1.133738
v 2.824190 15.336154 -2.130579
v 2.824191 14.025728 -1.700124
v 2.824191 14.252283 -2.085267
v 2.106757 14.384497 -0.830323
v 2.100626 14.536497 -2.412153
v -0.000000 14.194029 -3.182630
v 2.340658 12.986035 -1.399913
v 2.537371 12.933146 -1.968117
v 1.877097 12.678053 -1.115929
v 2.163528 12.908676 -2.322868
v -0.000000 12.857924 -3.275764
v 2.339206 11.515380 -1.511335
v 2.491399 11.531022 -2.254990
v 1.981265 11.358167 -1.254839
v 1.730825 11.339442 -3.007745
v -0.000000 11.339442 -3.593043
v 2.516691 10.418354 -1.761144
v 2.478489 10.436846 -2.412017
v 2.547945 10.213454 -1.253504
v 1.782388 9.933968 -3.265713
v -0.000000 9.922161 -4.251575
v 4.261872 15.556842 -1.627828
v 4.322009 14.855959 -2.291556
v 4.322011 14.392015 -1.269169
v 4.322011 14.856998 -1.034981
v 4.322011 15.367840 -1.230014
v 4.322011 15.348261 -2.091472
v 4.322011 14.215806 -1.719478
v 4.322011 14.411592 -2.052314
v 4.857545 15.514817 -1.676004
v 4.913974 14.857175 -2.225628
v 4.913973 14.421852 -1.379004
v 4.913972 14.858150 -1.185075
v 4.913974 15.337477 -1.346579
v 4.913974 15.319105 -2.059942
v 4.913974 14.256516 -1.751898
v 4.913974 14.440223 -2.027515
v 7.036329 15.358697 -1.718933
v 7.046549 14.861692 -2.036982
v 7.046548 14.532704 -1.547068
v 7.046547 14.862430 -1.434848
v 7.046547 15.224673 -1.528306
v 7.046548 15.210789 -1.941104
v 7.046548 14.407753 -1.762850
v 7.046548 14.546587 -1.922340
v 2.040248 15.751071 -1.543144
v 1.461907 14.939003 -2.510687
v -0.000000 15.387911 -3.233756
v 1.398323 15.335881 -2.879913
v 2.009313 16.002983 -1.464217
v 2.024444 15.692197 -2.180015
v 0.629605 15.011854 -3.434643
v 1.569377 15.125489 -3.027145
v 0.805390 15.484051 -3.515870
v 1.721678 15.933012 -2.221147
v -0.000000 15.271395 -2.929581
v 1.398323 15.553349 -2.604800
v 1.453642 15.727244 -1.923505
v 0.759441 15.512381 -2.666804
v 1.356465 15.779801 -2.182909
v 0.570357 15.423097 -3.229273
v 0.558979 14.804008 -2.789322
v -0.000000 14.925638 -3.431637
v 0.486743 14.785048 -3.608930
v 1.302177 14.901214 -3.412295
v 1.163519 15.080510 -3.080712
v 1.581789 15.672568 -2.504746
v 1.883605 15.390485 -2.870287
v 1.786831 15.141191 -2.439507
v 1.574541 15.097157 -2.322254
v 1.648147 15.571653 -2.522830
v 1.789355 15.881407 -0.796211
v 2.141614 16.044735 -1.823114
v 1.897488 15.934651 -1.838285
v 1.841941 15.447729 -2.155249
v 2.115496 16.203697 -1.387149
v 2.250793 15.739428 -1.039797
v 1.960647 15.647649 -0.654675
v 1.486013 15.902798 -1.282657
v 2.516691 10.037077 -1.761144
v 2.478489 10.055569 -2.412017
v 2.547945 9.832177 -1.253505
v 1.782388 9.552691 -3.265713
v -0.000000 9.540884 -4.251575
v -2.754601 15.577516 -1.594068
v -1.968788 15.352602 -2.290257
v -2.106755 15.378206 -0.832725
v -2.824191 14.766483 -2.362103
v -2.824191 14.229630 -1.179045
v -2.824190 14.767690 -0.908052
v -2.824190 15.358811 -1.133735
v -2.824191 15.336155 -2.130576
v -2.824191 14.025728 -1.700120
v -2.824192 14.252283 -2.085264
v -2.106754 14.384497 -0.830322
v -2.100627 14.536497 -2.412152
v -2.340658 12.986034 -1.399913
v -2.537371 12.933146 -1.968117
v -1.877097 12.678053 -1.115929
v -2.163528 12.908675 -2.322868
v -2.339206 11.515379 -1.511335
v -2.491399 11.531022 -2.254990
v -1.981265 11.358167 -1.254839
v -1.730826 11.339442 -3.007745
v -2.516691 10.418354 -1.761145
v -2.478489 10.436846 -2.412018
v -2.547945 10.213454 -1.253504
v -1.782388 9.933968 -3.265713
v -4.261871 15.556843 -1.627821
v -4.322011 14.855959 -2.291548
v -4.322011 14.392015 -1.269162
v -4.322011 14.856998 -1.034973
v -4.322011 15.367842 -1.230006
v -4.322011 15.348263 -2.091464
v -4.322011 14.215807 -1.719470
v -4.322011 14.411592 -2.052306
v -4.857546 15.514818 -1.675996
v -4.913974 14.857176 -2.225620
v -4.913974 14.421854 -1.378995
v -4.913974 14.858150 -1.185066
v -4.913974 15.337477 -1.346572
v -4.913973 15.319107 -2.059933
v -4.913974 14.256516 -1.751890
v -4.913973 14.440224 -2.027506
v -7.036328 15.358696 -1.718932
v -7.046547 14.861692 -2.036980
v -7.046546 14.532703 -1.547067
v -7.046547 14.862429 -1.434846
v -7.046547 15.224672 -1.528305
v -7.046546 15.210789 -1.941103
v -7.046546 14.407752 -1.762848
v -7.046546 14.546586 -1.922338
v -2.040247 15.751072 -1.543144
v -1.461908 14.939003 -2.510687
v -1.398323 15.335880 -2.879913
v -2.009313 16.002983 -1.464216
v -2.024445 15.692196 -2.180014
v -0.629606 15.011854 -3.434643
v -1.569378 15.125488 -3.027145
v -0.805391 15.484051 -3.515870
v -1.721678 15.933012 -2.221148
v -1.398324 15.553347 -2.604800
v -1.453643 15.727244 -1.923506
v -0.759442 15.512381 -2.666804
v -1.356466 15.779801 -2.182909
v -0.570357 15.423096 -3.229273
v -0.558980 14.804008 -2.789322
v -0.486743 14.785048 -3.608931
v -1.302179 14.901213 -3.412296
v -1.163520 15.080509 -3.080713
v -1.581790 15.672567 -2.504746
v -1.883606 15.390484 -2.870287
v -1.786832 15.141191 -2.439507
v -1.574542 15.097157 -2.322254
v -1.648148 15.571651 -2.522830
v -1.789353 15.881408 -0.796211
v -2.141614 16.044735 -1.823113
v -1.897488 15.934651 -1.838284
v -1.841942 15.447729 -2.155249
v -2.115496 16.203697 -1.387149
v -2.250793 15.739429 -1.039797
v -1.960645 15.647650 -0.654674
v -1.486012 15.902798 -1.282658
v -2.516691 10.037077 -1.761145
v -2.478489 10.055569 -2.412018
v -2.547945 9.832177 -1.253505
v -1.782388 9.552691 -3.265713
v 2.709247 15.180110 -1.590570
v 1.966437 15.091488 -1.987248
v -0.000000 14.945198 -2.627116
v 1.855417 15.240718 -1.111877
v 2.781829 14.787630 -1.964919
v 2.663484 14.456626 -1.466529
v 2.749301 14.792384 -1.300205
v 2.756268 15.080887 -1.413282
v 2.793253 15.055229 -1.847517
v 2.534615 14.301670 -1.698825
v 2.669697 14.450172 -1.773865
v 1.974825 14.471785 -1.197712
v 1.986522 14.521923 -2.029050
v -0.000000 14.140593 -2.786215
v 2.034779 13.071524 -1.643078
v 2.157344 12.977205 -1.851333
v 1.660172 12.728153 -1.448245
v 1.957799 12.882836 -1.980804
v -0.000000 12.800802 -2.879863
v 1.985894 11.499226 -1.698175
v 2.113655 11.499883 -2.127162
v 1.683143 11.317727 -1.518445
v 1.520330 11.256435 -2.677894
v -0.000000 11.223548 -3.210201
v 2.121555 10.385210 -1.813766
v 2.108167 10.412438 -2.262800
v 2.154068 10.176838 -1.312843
v 1.539819 9.893999 -2.950178
v -0.000000 9.861270 -3.856236
v 4.242228 15.157369 -1.633778
v 4.294292 14.873693 -1.892912
v 4.264942 14.678257 -1.542681
v 4.260252 14.873282 -1.429849
v 4.277091 15.100880 -1.524486
v 4.304788 15.072726 -1.802018
v 4.280149 14.612462 -1.689288
v 4.291186 14.683250 -1.760335
v 4.823247 15.116291 -1.675441
v 4.880036 14.876773 -1.827552
v 4.862720 14.703526 -1.658347
v 4.846138 14.876703 -1.578844
v 4.859061 15.079304 -1.647132
v 4.884688 15.056965 -1.759234
v 4.881835 14.653481 -1.714670
v 4.886923 14.698892 -1.723609
v 7.003675 14.960038 -1.721185
v 7.014698 14.880127 -1.638678
v 7.009336 14.803908 -1.838725
v 7.003317 14.879755 -1.832128
v 7.007095 14.979572 -1.841943
v 7.016880 14.959983 -1.630916
v 7.014951 14.804750 -1.725506
v 7.018575 14.793201 -1.608654
v 1.668085 15.608938 -1.507179
v 1.241005 15.104233 -2.221030
v -0.000000 15.040314 -3.035826
v 1.339496 15.040139 -2.617089
v 1.625082 15.956800 -1.363057
v 1.647421 15.645628 -2.054775
v 0.505165 15.090502 -3.062716
v 1.328414 15.094471 -2.709380
v 0.707456 15.268710 -3.193322
v 1.690516 15.558169 -2.085054
v -0.000000 14.872677 -2.961579
v 1.455627 15.239123 -2.364011
v 1.615549 15.362168 -1.945996
v 0.759263 15.114559 -2.625115
v 1.525277 15.421614 -2.126307
v 0.642691 15.089129 -3.021346
v 0.424682 15.019938 -2.480552
v -0.000000 15.018228 -3.042500
v 0.379993 14.976976 -3.274613
v 1.094786 15.114215 -3.144678
v 0.933769 14.994113 -2.764879
v 1.505876 15.402115 -2.219979
v 1.604204 15.315145 -2.594137
v 1.497822 15.410078 -2.504111
v 1.306855 15.191090 -2.040259
v 1.521706 15.295575 -2.262458
v 1.681188 15.532138 -0.958417
v 1.884866 15.752358 -1.730400
v 2.005858 15.557204 -1.762201
v 1.459099 15.350031 -2.092903
v 1.824703 15.930578 -1.358089
v 1.871652 15.619354 -1.082621
v 1.695146 15.436768 -0.866897
v 1.658557 15.541925 -1.282399
v 2.117416 10.037077 -1.737068
v 2.111207 10.055569 -2.253576
v 2.148701 9.832177 -1.228925
v 1.535513 9.552691 -2.950987
v -0.000000 9.540884 -3.851575
v -2.709246 15.180111 -1.590568
v -1.966438 15.091489 -1.987248
v -1.855416 15.240719 -1.111877
v -2.781829 14.787630 -1.964916
v -2.663484 14.456627 -1.466526
v -2.749300 14.792385 -1.300202
v -2.756267 15.080888 -1.413279
v -2.793253 15.055229 -1.847514
v -2.534615 14.301672 -1.698822
v -2.669697 14.450172 -1.773862
v -1.974823 14.471786 -1.197711
v -1.986523 14.521924 -2.029049
v -2.034779 13.071524 -1.643078
v -2.157344 12.977205 -1.851333
v -1.660172 12.728153 -1.448245
v -1.957799 12.882836 -1.980804
v -1.985894 11.499226 -1.698175
v -2.113655 11.499882 -2.127162
v -1.683143 11.317727 -1.518445
v -1.520330 11.256435 -2.677894
v -2.121555 10.385210 -1.813766
v -2.108167 10.412438 -2.262800
v -2.154069 10.176838 -1.312843
v -1.539819 9.893999 -2.950178
v -4.242227 15.157370 -1.633771
v -4.294293 14.873693 -1.892903
v -4.264943 14.678257 -1.542673
v -4.260250 14.873283 -1.429841
v -4.277091 15.100880 -1.524478
v -4.304788 15.072727 -1.802010
v -4.280149 14.612463 -1.689280
v -4.291186 14.683251 -1.760327
v -4.823248 15.116291 -1.675433
v -4.880037 14.876774 -1.827545
v -4.862720 14.703527 -1.658339
v -4.846140 14.876705 -1.578836
v -4.859063 15.079306 -1.647124
v -4.884690 15.056967 -1.759225
v -4.881835 14.653481 -1.714663
v -4.886923 14.698893 -1.723601
v -7.003674 14.960037 -1.721183
v -7.014696 14.880126 -1.638677
v -7.009335 14.803907 -1.838723
v -7.003316 14.879755 -1.832126
v -7.007093 14.979572 -1.841942
v -7.016879 14.959982 -1.630915
v -7.014950 14.804750 -1.725504
v -7.018574 14.793200 -1.608653
v -1.668085 15.608939 -1.507179
v -1.241006 15.104233 -2.221030
v -1.339497 15.040138 -2.617089
v -1.625081 15.956800 -1.363057
v -1.647421 15.645628 -2.054775
v -0.505166 15.090500 -3.062717
v -1.328415 15.094469 -2.709380
v -0.707458 15.268709 -3.193322
v -1.690517 15.558169 -2.085053
v -1.455627 15.239122 -2.364012
v -1.615550 15.362168 -1.945996
v -0.759263 15.114559 -2.625116
v -1.525278 15.421613 -2.126307
v -0.642690 15.089128 -3.021346
v -0.424683 15.019938 -2.480553
v -0.379993 14.976976 -3.274614
v -1.094787 15.114214 -3.144678
v -0.933770 14.994112 -2.764880
v -1.505877 15.402115 -2.219979
v -1.604205 15.315144 -2.594137
v -1.497822 15.410076 -2.504110
v -1.306856 15.191089 -2.040259
v -1.521706 15.295575 -2.262459
v -1.681187 15.532138 -0.958417
v -1.884866 15.752358 -1.730400
v -2.005858 15.557203 -1.762200
v -1.459100 15.350032 -2.092903
v -1.824701 15.930579 -1.358089
v -1.871650 15.619355 -1.082621
v -1.695144 15.436769 -0.866897
v -1.658556 15.541925 -1.282399
v -2.117416 10.037077 -1.737068
v -2.111207 10.055569 -2.253576
v -2.148701 9.832177 -1.228925
v -1.535513 9.552691 -2.950987
vn 0.1134 0.9935 -0.0088
vn 0.0059 0.6528 -0.7575
vn -0.0000 -0.5584 -0.8296
vn 0.2104 -0.0474 0.9765
vn 0.1059 -0.0529 -0.9930
vn 0.4018 -0.5675 0.7187
vn 0.1872 -0.0617 0.9804
vn 0.1698 0.6948 0.6989
vn 0.0773 0.7023 -0.7077
vn 0.7239 -0.6899 -0.0032
vn 0.3862 -0.4947 -0.7785
vn -0.3269 -0.1494 0.9332
vn 0.2853 0.0364 -0.9578
vn -0.0000 0.1336 -0.9910
vn 0.7647 -0.2137 0.6079
vn 0.9501 -0.1101 -0.2920
vn -0.2450 -0.0896 0.9654
vn 0.5143 0.0646 -0.8552
vn -0.0000 0.1428 -0.9898
vn 0.8833 0.0404 0.4671
vn 0.9444 0.0778 -0.3196
vn 0.0132 -0.0112 0.9999
vn 0.5262 0.2075 -0.8246
vn -0.0000 0.2897 -0.9571
vn 0.9878 0.0829 0.1316
vn 0.9258 0.0610 -0.3730
vn 0.6219 0.0828 0.7787
vn 0.6064 0.0999 -0.7888
vn -0.0000 0.1522 -0.9883
vn 0.0491 0.9987 0.0149
vn 0.0693 -0.0443 -0.9966
vn 0.1427 -0.7156 0.6838
vn 0.1544 -0.0407 0.9872
vn 0.1123 0.6674 0.7362
vn 0.0431 0.6888 -0.7236
vn 0.1047 -0.9916 -0.0755
vn 0.0771 -0.6791 -0.7299
vn 0.0857 0.9963 -0.0014
vn 0.0848 -0.0490 -0.9952
vn 0.1281 -0.7042 0.6984
vn 0.1696 -0.0464 0.9844
vn 0.1373 0.6454 0.7514
vn 0.0732 0.6554 -0.7518
vn 0.0803 -0.9924 -0.0931
vn 0.0676 -0.6467 -0.7598
vn 0.6034 0.7974 -0.0009
vn 0.7022 -0.0315 -0.7113
vn 0.6998 -0.4869 0.5226
vn 0.7228 -0.0291 0.6905
vn 0.7177 0.4693 0.5144
vn 0.7013 0.4835 -0.5238
vn 0.6240 -0.7798 -0.0512
vn 0.7113 -0.4573 -0.5338
vn 0.9304 0.3553 -0.0899
vn 0.5523 -0.4131 -0.7241
vn -0.0000 0.8690 -0.4948
vn 0.1471 0.7394 -0.6571
vn 0.9606 0.1155 -0.2529
vn 0.9426 0.1164 -0.3131
vn 0.3111 -0.1966 -0.9298
vn 0.6024 0.0775 -0.7944
vn 0.2448 0.5384 -0.8064
vn 0.0779 0.9371 -0.3402
vn -0.0000 0.6762 0.7367
vn -0.5219 0.8267 -0.2101
vn -0.9372 0.2827 0.2041
vn -0.2142 0.7972 0.5645
vn -0.8808 0.4721 0.0371
vn -0.1808 0.8349 -0.5198
vn 0.3357 -0.5398 -0.7719
vn -0.0000 -0.2315 -0.9728
vn 0.2669 -0.4798 -0.8358
vn 0.5185 -0.5325 -0.6690
vn 0.5744 0.2160 -0.7896
vn 0.1898 0.6761 -0.7119
vn 0.6985 0.1883 -0.6904
vn 0.7225 -0.6722 0.1615
vn 0.6692 -0.2348 -0.7050
vn 0.3161 0.6902 -0.6509
vn -0.3475 0.6520 0.6739
vn 0.6419 0.7309 -0.2318
vn -0.2709 0.9436 -0.1902
vn 0.9571 0.2442 -0.1559
vn 0.7270 0.6828 -0.0726
vn 0.9479 0.3002 0.1071
vn 0.0913 0.1369 0.9864
vn -0.8914 0.4189 0.1728
vn 0.7382 -0.6497 -0.1814
vn 0.8054 -0.5529 -0.2134
vn 0.5664 -0.6736 0.4749
vn 0.5495 -0.7127 -0.4361
vn -0.0000 -0.6147 -0.7888
vn -0.1134 0.9935 -0.0088
vn -0.0059 0.6528 -0.7575
vn -0.2104 -0.0474 0.9765
vn -0.1059 -0.0529 -0.9930
vn -0.4018 -0.5675 0.7187
vn -0.1872 -0.0617 0.9804
vn -0.1698 0.6948 0.6989
vn -0.0773 0.7023 -0.7077
vn -0.7239 -0.6899 -0.0032
vn -0.3862 -0.4947 -0.7785
vn 0.3269 -0.1494 0.9332
vn -0.2853 0.0364 -0.9578
vn -0.7647 -0.2137 0.6079
vn -0.9501 -0.1101 -0.2920
vn 0.2450 -0.0896 0.9654
vn -0.5143 0.0646 -0.8552
vn -0.8833 0.0404 0.4671
vn -0.9444 0.0778 -0.3196
vn -0.0132 -0.0112 0.9999
vn -0.5262 0.2075 -0.8246
vn -0.9878 0.0829 0.1316
vn -0.9258 0.0610 -0.3730
vn -0.6219 0.0828 0.7787
vn -0.6064 0.0999 -0.7888
vn -0.0491 0.9987 0.0149
vn -0.0693 -0.0443 -0.9966
vn -0.1427 -0.7156 0.6838
vn -0.1544 -0.0407 0.9872
vn -0.1123 0.6674 0.7362
vn -0.0431 0.6888 -0.7236
vn -0.1047 -0.9916 -0.0755
vn -0.0771 -0.6791 -0.7299
vn -0.0857 0.9963 -0.0014
vn -0.0848 -0.0490 -0.9952
vn -0.1281 -0.7042 0.6984
vn -0.1696 -0.0464 0.9844
vn -0.1373 0.6454 0.7514
vn -0.0732 0.6554 -0.7518
vn -0.0803 -0.9924 -0.0931
vn -0.0676 -0.6467 -0.7598
vn -0.6034 0.7974 -0.0009
vn -0.7022 -0.0315 -0.7113
vn -0.6998 -0.4869 0.5226
vn -0.7228 -0.0291 0.6905
vn -0.7177 0.4693 0.5144
vn -0.7013 0.4835 -0.5239
vn -0.6240 -0.7798 -0.0512
vn -0.7113 -0.4572 -0.5338
vn -0.9304 0.3553 -0.0899
vn -0.5523 -0.4131 -0.7241
vn -0.1471 0.7394 -0.6571
vn -0.9606 0.1155 -0.2529
vn -0.9426 0.1164 -0.3131
vn -0.3111 -0.1966 -0.9298
vn -0.6024 0.0775 -0.7944
vn -0.2448 0.5384 -0.8064
vn -0.0779 0.9371 -0.3402
vn 0.5219 0.8267 -0.2101
vn 0.9372 0.2827 0.2041
vn 0.2142 0.7972 0.5645
vn 0.8808 0.4721 0.0371
vn 0.1808 0.8349 -0.5198
vn -0.3357 -0.5398 -0.7719
vn -0.2669 -0.4798 -0.8358
vn -0.5185 -0.5325 -0.6690
vn -0.5744 0.2160 -0.7896
vn -0.1898 0.6761 -0.7119
vn -0.6985 0.1883 -0.6904
vn -0.7225 -0.6722 0.1615
vn -0.6692 -0.2348 -0.7050
vn -0.3161 0.6902 -0.6509
vn 0.3475 0.6520 0.6739
vn -0.6419 0.7309 -0.2318
vn 0.2709 0.9436 -0.1902
vn -0.9571 0.2442 -0.1559
vn -0.7270 0.6828 -0.0726
vn -0.9479 0.3002 0.1071
vn -0.0913 0.1369 0.9864
vn 0.8914 0.4189 0.1728
vn -0.7382 -0.6497 -0.1814
vn -0.8054 -0.5529 -0.2134
vn -0.5664 -0.6736 0.4749
vn -0.5495 -0.7127 -0.4361
vn -0.1659 -0.9860 0.0154
vn -0.2659 -0.4695 0.8419
vn -0.0000 0.6866 0.7270
vn -0.8645 -0.4922 -0.1018
vn -0.1221 0.0741 0.9897
vn -0.3602 0.6198 -0.6972
vn -0.2016 0.0830 -0.9759
vn -0.1912 -0.6643 -0.7226
vn -0.0752 -0.7001 0.7101
vn -0.7899 0.5693 -0.2278
vn -0.2684 0.5122 0.8158
vn -0.9190 0.1682 -0.3567
vn -0.2992 0.0012 0.9542
vn -0.0000 -0.0701 0.9975
vn -0.6764 0.2129 -0.7051
vn -0.9534 0.1058 0.2826
vn -0.9687 0.0674 -0.2390
vn -0.4731 -0.0923 0.8762
vn -0.0000 -0.1430 0.9897
vn -0.8459 -0.0301 -0.5326
vn -0.9449 -0.0808 0.3174
vn -0.9824 -0.1723 0.0719
vn -0.5142 -0.2076 0.8322
vn -0.0000 -0.2919 0.9564
vn -0.9834 -0.0810 -0.1626
vn -0.9291 -0.0562 0.3654
vn -0.7911 -0.0386 0.6104
vn -0.6110 -0.0948 0.7860
vn -0.0000 -0.1493 0.9888
vn -0.0467 -0.9986 -0.0263
vn -0.0746 0.0709 0.9947
vn -0.1492 0.6801 -0.7178
vn -0.1559 0.0512 -0.9865
vn -0.1187 -0.6411 -0.7582
vn -0.0442 -0.6788 0.7330
vn -0.1334 0.9691 0.2075
vn -0.0725 0.5585 0.8263
vn -0.1107 -0.9633 0.2445
vn -0.0888 0.0894 0.9920
vn -0.1297 0.3657 -0.9216
vn -0.1738 0.0511 -0.9834
vn -0.1314 0.1079 -0.9854
vn -0.0577 -0.3067 0.9501
vn -0.2086 -0.9779 0.0131
vn -0.0470 0.1629 0.9855
vn 0.8003 0.4624 0.3818
vn 0.7099 0.0668 0.7012
vn 0.7176 -0.1292 -0.6843
vn 0.6482 0.0322 -0.7608
vn 0.7688 0.2656 -0.5817
vn 0.6461 -0.0890 0.7581
vn 0.7744 -0.6252 -0.0973
vn 0.7712 -0.1903 0.6074
vn -0.9758 -0.2053 0.0748
vn -0.5948 0.3947 0.7003
vn -0.0000 -0.9981 0.0614
vn 0.2886 -0.9422 0.1700
vn -0.6426 0.7637 0.0615
vn -0.2263 0.8821 -0.4132
vn -0.9199 -0.3822 -0.0878
vn 0.5826 -0.5207 -0.6240
vn 0.2897 -0.4236 0.8583
vn 0.5647 0.0726 -0.8221
vn -0.0000 -0.8915 0.4530
vn -0.7316 0.6817 0.0030
vn -0.1312 -0.9908 -0.0340
vn -0.2085 -0.6894 0.6938
vn -0.4086 -0.8663 0.2875
vn 0.7115 -0.6979 -0.0824
vn -0.3452 0.6283 0.6972
vn -0.0000 0.3373 0.9414
vn -0.2106 0.2368 0.9485
vn 0.4916 0.6290 -0.6022
vn 0.4216 0.5244 0.7398
vn 0.0619 0.6013 -0.7966
vn 0.7166 0.1392 -0.6835
vn -0.4201 0.8235 -0.3813
vn -0.6946 0.1924 0.6932
vn 0.2606 -0.7857 0.5610
vn -0.7597 -0.6501 -0.0123
vn 0.3936 0.9055 -0.1586
vn 0.9350 -0.3330 0.1222
vn -0.8425 0.1168 0.5259
vn 0.7735 0.6337 0.0158
vn -0.8425 -0.4476 -0.2997
vn -0.7757 -0.5096 0.3724
vn 0.0158 -0.9437 0.3304
vn -0.7683 -0.6328 -0.0962
vn -0.5605 -0.7294 0.3922
vn -0.5493 -0.6486 0.5269
vn -0.2593 -0.7472 0.6119
vn -0.0000 -0.8381 0.5455
vn 0.1659 -0.9860 0.0154
vn 0.2659 -0.4695 0.8419
vn 0.8645 -0.4922 -0.1018
vn 0.1221 0.0741 0.9897
vn 0.3602 0.6198 -0.6972
vn 0.2016 0.0830 -0.9759
vn 0.1912 -0.6643 -0.7226
vn 0.0752 -0.7001 0.7101
vn 0.7899 0.5693 -0.2278
vn 0.2684 0.5122 0.8158
vn 0.9190 0.1682 -0.3567
vn 0.2992 0.0012 0.9542
vn 0.6764 0.2129 -0.7051
vn 0.9534 0.1058 0.2826
vn 0.9687 0.0674 -0.2390
vn 0.4731 -0.0923 0.8762
vn 0.8459 -0.0301 -0.5326
vn 0.9449 -0.0808 0.3174
vn 0.9824 -0.1723 0.0719
vn 0.5142 -0.2076 0.8322
vn 0.9834 -0.0810 -0.1626
vn 0.9291 -0.0562 0.3654
vn 0.7911 -0.0386 0.6104
vn 0.6110 -0.0948 0.7860
vn 0.0467 -0.9986 -0.0263
vn 0.0746 0.0709 0.9947
vn 0.1492 0.6801 -0.7178
vn 0.1559 0.0512 -0.9865
vn 0.1187 -0.6411 -0.7582
vn 0.0442 -0.6788 0.7330
vn 0.1334 0.9691 0.2075
vn 0.0725 0.5585 0.8263
vn 0.1107 -0.9633 0.2445
vn 0.0888 0.0894 0.9920
vn 0.1297 0.3657 -0.9216
vn 0.1738 0.0511 -0.9834
vn 0.1314 0.1079 -0.9854
vn 0.0577 -0.3067 0.9501
vn 0.2086 -0.9779 0.0131
vn 0.0470 0.1629 0.9855
vn -0.8003 0.4624 0.3818
vn -0.7099 0.0668 0.7012
vn -0.7176 -0.1292 -0.6843
vn -0.6482 0.0322 -0.7608
vn -0.7688 0.2656 -0.5817
vn -0.6461 -0.0890 0.7581
vn -0.7744 -0.6252 -0.0973
vn -0.7712 -0.1903 0.6074
vn 0.9758 -0.2053 0.0748
vn 0.5948 0.3947 0.7003
vn -0.2886 -0.9422 0.1700
vn 0.6426 0.7637 0.0615
vn 0.2263 0.8821 -0.4132
vn 0.9199 -0.3822 -0.0878
vn -0.5826 -0.5207 -0.6240
vn -0.2897 -0.4236 0.8583
vn -0.5647 0.0726 -0.8221
vn 0.7316 0.6817 0.0030
vn 0.1312 -0.9908 -0.0340
vn 0.2085 -0.6894 0.6938
vn 0.4086 -0.8663 0.2875
vn -0.7115 -0.6979 -0.0824
vn 0.3452 0.6283 0.6972
vn 0.2106 0.2368 0.9485
vn -0.4916 0.6290 -0.6022
vn -0.4216 0.5244 0.7398
vn -0.0619 0.6013 -0.7966
vn -0.7166 0.1392 -0.6835
vn 0.4201 0.8235 -0.3813
vn 0.6946 0.1924 0.6932
vn -0.2606 -0.7857 0.5610
vn 0.7597 -0.6501 -0.0123
vn -0.3936 0.9055 -0.1586
vn -0.9350 -0.3330 0.1222
vn 0.8425 0.1168 0.5259
vn -0.7735 0.6337 0.0158
vn 0.8425 -0.4476 -0.2997
vn 0.7757 -0.5096 0.3724
vn -0.0158 -0.9437 0.3304
vn 0.7683 -0.6328 -0.0962
vn 0.5605 -0.7294 0.3922
vn 0.5493 -0.6486 0.5269
vn 0.2593 -0.7472 0.6119
vt 0.356679 0.632379
vt 0.445586 0.647920
vt 0.447933 0.707525
vt 0.444748 0.557257
vt 0.444105 0.628881
vt 0.356679 0.617993
vt 0.393571 0.819544
vt 0.480393 0.768074
vt 0.017427 0.625560
vt 0.124531 0.680544
vt 0.024975 0.696383
vt 0.367725 0.506047
vt 0.350160 0.576966
vt 0.285968 0.593805
vt 0.179515 0.623290
vt 0.097495 0.585562
vt 0.349511 0.511499
vt 0.001749 0.560900
vt 0.458377 0.490434
vt 0.003020 0.403916
vt 0.063004 0.394357
vt 0.336903 0.359140
vt 0.356679 0.302877
vt 0.423220 0.334522
vt 0.505845 0.448130
vt 0.556700 0.457181
vt 0.491677 0.314674
vt 0.007380 0.237147
vt 0.125611 0.196875
vt 0.356785 0.149129
vt 0.409850 0.160338
vt 0.497415 0.149265
vt 0.337559 0.180654
vt 0.424749 0.028846
vt 0.499741 0.021594
vt 0.001749 0.110333
vt 0.117157 0.032711
vt 0.367396 0.001749
vt 0.353181 0.001749
vt 0.560198 0.506256
vt 0.611941 0.503846
vt 0.626165 0.677687
vt 0.581410 0.680007
vt 0.751167 0.507507
vt 0.819780 0.503846
vt 0.803979 0.678013
vt 0.744952 0.680235
vt 0.766461 0.496272
vt 0.692926 0.500348
vt 0.699512 0.330624
vt 0.760166 0.325923
vt 0.623778 0.498406
vt 0.641024 0.327544
vt 0.679521 0.503971
vt 0.684318 0.676804
vt 0.825403 0.498438
vt 0.810793 0.326161
vt 0.560198 0.490927
vt 0.586191 0.320138
vt 0.629234 0.746550
vt 0.590754 0.748603
vt 0.790577 0.746645
vt 0.739966 0.748330
vt 0.698266 0.259779
vt 0.758516 0.256606
vt 0.593789 0.251692
vt 0.641438 0.257530
vt 0.682927 0.745545
vt 0.803107 0.256753
vt 0.678993 0.994752
vt 0.639927 0.995257
vt 0.739255 0.003708
vt 0.766481 0.001749
vt 0.721012 0.996500
vt 0.654777 0.004545
vt 0.695542 0.005658
vt 0.615321 0.996421
vt 0.752072 0.998251
vt 0.625525 0.001749
vt 0.364372 0.725425
vt 0.372636 0.807504
vt 1.000000 0.000000
vt 0.000000 0.000000
vt 0.143778 0.000000
vt 0.247096 0.000000
vt 0.695928 0.000000
vt 0.689212 0.000000
vt 0.738821 0.000000
vt 0.805246 0.000000
vt 0.335363 0.000000
vt 0.500000 0.000000
vt 0.723272 0.000000
vt 0.373542 0.000000
vt 0.357785 0.891159
vt 0.356679 0.859802
s 1
usemtl jacket
f 1546/824/1619 1550/825/1623 1543/826/1616
f 1549/827/1622 1550/828/1623 1546/829/1619
f 1544/830/1617 1543/826/1616 1551/831/1624
f 1547/832/1620 1544/833/1617 1551/834/1624
f 1546/829/1619 1554/835/1627 1549/827/1622
f 1545/836/1618 1612/837/1685 1597/838/1670 1544/833/1617 1555/839/1628 1556/840/1629
f 1547/832/1620 1555/839/1628 1544/833/1617
f 1553/841/1626 1555/839/1628 1547/832/1620
f 1548/842/1621 1549/827/1622 1554/835/1627
f 1555/839/1628 1553/841/1626 1558/843/1631 1560/844/1633
f 1556/840/1629 1555/839/1628 1560/844/1633 1561/845/1634
f 1548/842/1621 1554/835/1627 1559/846/1632 1557/847/1630
f 1548/842/1621 1557/847/1630 1552/848/1625
f 1553/849/1626 1552/848/1625 1558/850/1631
f 1557/847/1630 1558/850/1631 1552/848/1625
f 1560/844/1633 1558/843/1631 1563/851/1636 1565/852/1638
f 1557/847/1630 1559/846/1632 1564/853/1637 1562/854/1635
f 1558/850/1631 1557/847/1630 1562/854/1635 1563/855/1636
f 1561/845/1634 1560/844/1633 1565/852/1638 1566/856/1639
f 1563/855/1636 1562/854/1635 1567/857/1640 1568/858/1641
f 1565/852/1638 1563/851/1636 1568/859/1641 1570/860/1643
f 1562/854/1635 1564/853/1637 1569/861/1642 1567/857/1640
f 1566/856/1639 1565/852/1638 1570/860/1643 1571/862/1644
f 1552/863/1625 1553/864/1626 1579/865/1652 1578/866/1651
f 1551/867/1624 1543/868/1616 1572/869/1645 1577/870/1650
f 1550/871/1623 1549/872/1622 1575/873/1648 1576/874/1649
f 1549/872/1622 1548/875/1621 1574/876/1647 1575/873/1648
f 1553/864/1626 1547/877/1620 1573/878/1646 1579/865/1652
f 1543/879/1616 1550/871/1623 1576/874/1649 1572/880/1645
f 1547/877/1620 1551/867/1624 1577/870/1650 1573/878/1646
f 1548/875/1621 1552/881/1625 1578/882/1651 1574/876/1647
f 1578/866/1651 1579/865/1652 1587/883/1660 1586/884/1659
f 1577/870/1650 1572/869/1645 1580/885/1653 1585/886/1658
f 1576/874/1649 1575/873/1648 1583/887/1656 1584/888/1657
f 1574/876/1647 1578/882/1651 1586/889/1659 1582/890/1655
f 1579/865/1652 1573/878/1646 1581/891/1654 1587/883/1660
f 1572/880/1645 1576/874/1649 1584/888/1657 1580/892/1653
f 1573/878/1646 1577/870/1650 1585/886/1658 1581/891/1654
f 1575/873/1648 1574/876/1647 1582/890/1655 1583/887/1656
f 1587/883/1660 1581/891/1654 1589/893/1662 1595/894/1668
f 1580/892/1653 1584/888/1657 1592/895/1665 1588/896/1661
f 1581/891/1654 1585/886/1658 1593/897/1666 1589/893/1662
f 1583/887/1656 1582/890/1655 1590/898/1663 1591/899/1664
f 1586/884/1659 1587/883/1660 1595/894/1668 1594/900/1667
f 1585/886/1658 1580/885/1653 1588/901/1661 1593/897/1666
f 1584/888/1657 1583/887/1656 1591/899/1664 1592/895/1665
f 1582/890/1655 1586/889/1659 1594/902/1667 1590/898/1663
f 1546/824/1619 1543/826/1616 1596/903/1669
f 1544/830/1617 1596/903/1669 1543/826/1616
f 1596/903/1669 1544/830/1617 1625/904/1698
f 1625/904/1698 1544/830/1617 1597/917/1670 1620/918/1693
f 1637/824/1710 1635/826/1708 1641/825/1714
f 1640/827/1713 1637/829/1710 1641/828/1714
f 1636/830/1709 1642/831/1715 1635/826/1708
f 1638/832/1711 1642/834/1715 1636/833/1709
f 1637/829/1710 1640/827/1713 1645/835/1718
f 1545/836/1618 1556/840/1629 1646/839/1719 1636/833/1709 1684/838/1757 1697/837/1770
f 1638/832/1711 1636/833/1709 1646/839/1719
f 1644/841/1717 1638/832/1711 1646/839/1719
f 1639/842/1712 1645/835/1718 1640/827/1713
f 1646/839/1719 1650/844/1723 1648/843/1721 1644/841/1717
f 1556/840/1629 1561/845/1634 1650/844/1723 1646/839/1719
f 1639/842/1712 1647/847/1720 1649/846/1722 1645/835/1718
f 1639/842/1712 1643/848/1716 1647/847/1720
f 1644/849/1717 1648/850/1721 1643/848/1716
f 1647/847/1720 1643/848/1716 1648/850/1721
f 1650/844/1723 1654/852/1727 1652/851/1725 1648/843/1721
f 1647/847/1720 1651/854/1724 1653/853/1726 1649/846/1722
f 1648/850/1721 1652/855/1725 1651/854/1724 1647/847/1720
f 1561/845/1634 1566/856/1639 1654/852/1727 1650/844/1723
f 1652/855/1725 1656/858/1729 1655/857/1728 1651/854/1724
f 1654/852/1727 1658/860/1731 1656/859/1729 1652/851/1725
f 1651/854/1724 1655/857/1728 1657/861/1730 1653/853/1726
f 1566/856/1639 1571/862/1644 1658/860/1731 1654/852/1727
f 1643/863/1716 1665/866/1738 1666/865/1739 1644/864/1717
f 1642/867/1715 1664/870/1737 1659/869/1732 1635/868/1708
f 1641/871/1714 1663/874/1736 1662/873/1735 1640/872/1713
f 1640/872/1713 1662/873/1735 1661/876/1734 1639/875/1712
f 1644/864/1717 1666/865/1739 1660/878/1733 1638/877/1711
f 1635/879/1708 1659/880/1732 1663/874/1736 1641/871/1714
f 1638/877/1711 1660/878/1733 1664/870/1737 1642/867/1715
f 1639/875/1712 1661/876/1734 1665/882/1738 1643/881/1716
f 1665/866/1738 1673/884/1746 1674/883/1747 1666/865/1739
f 1664/870/1737 1672/886/1745 1667/885/1740 1659/869/1732
f 1663/874/1736 1671/888/1744 1670/887/1743 1662/873/1735
f 1661/876/1734 1669/890/1742 1673/889/1746 1665/882/1738
f 1666/865/1739 1674/883/1747 1668/891/1741 1660/878/1733
f 1659/880/1732 1667/892/1740 1671/888/1744 1663/874/1736
f 1660/878/1733 1668/891/1741 1672/886/1745 1664/870/1737
f 1662/873/1735 1670/887/1743 1669/890/1742 1661/876/1734
f 1674/883/1747 1682/894/1755 1676/893/1749 1668/891/1741
f 1667/892/1740 1675/896/1748 1679/895/1752 1671/888/1744
f 1668/891/1741 1676/893/1749 1680/897/1753 1672/886/1745
f 1670/887/1743 1678/899/1751 1677/898/1750 1669/890/1742
f 1673/884/1746 1681/900/1754 1682/894/1755 1674/883/1747
f 1672/886/1745 1680/897/1753 1675/901/1748 1667/885/1740
f 1671/888/1744 1679/895/1752 1678/899/1751 1670/887/1743
f 1669/890/1742 1677/898/1750 1681/902/1754 1673/889/1746
f 1637/824/1710 1683/903/1756 1635/826/1708
f 1636/830/1709 1635/826/1708 1683/903/1756
f 1683/903/1756 1709/904/1782 1636/830/1709
f 1709/904/1782 1704/918/1777 1684/917/1757 1636/830/1709
usemtl jacket_inside
f 1721/824/1794 1718/826/1791 1725/825/1798
f 1724/827/1797 1721/829/1794 1725/828/1798
f 1719/830/1792 1726/831/1799 1718/826/1791
f 1722/832/1795 1726/834/1799 1719/833/1792
f 1721/829/1794 1724/827/1797 1729/835/1802
f 1720/836/1793 1731/840/1804 1730/839/1803 1719/833/1792 1772/838/1845 1787/837/1860
f 1722/832/1795 1719/833/1792 1730/839/1803
f 1728/841/1801 1722/832/1795 1730/839/1803
f 1723/842/1796 1729/835/1802 1724/827/1797
f 1730/839/1803 1735/844/1808 1733/843/1806 1728/841/1801
f 1731/840/1804 1736/845/1809 1735/844/1808 1730/839/1803
f 1723/842/1796 1732/847/1805 1734/846/1807 1729/835/1802
f 1723/842/1796 1727/848/1800 1732/847/1805
f 1728/849/1801 1733/850/1806 1727/848/1800
f 1732/847/1805 1727/848/1800 1733/850/1806
f 1735/844/1808 1740/852/1813 1738/851/1811 1733/843/1806
f 1732/847/1805 1737/854/1810 1739/853/1812 1734/846/1807
f 1733/850/1806 1738/855/1811 1737/854/1810 1732/847/1805
f 1736/845/1809 1741/856/1814 1740/852/1813 1735/844/1808
f 1738/855/1811 1743/858/1816 1742/857/1815 1737/854/1810
f 1740/852/1813 1745/860/1818 1743/859/1816 1738/851/1811
f 1737/854/1810 1742/857/1815 1744/861/1817 1739/853/1812
f 1741/856/1814 1746/862/1819 1745/860/1818 1740/852/1813
f 1727/863/1800 1753/866/1826 1754/865/1827 1728/864/1801
f 1726/867/1799 1752/870/1825 1747/869/1820 1718/868/1791
f 1725/871/1798 1751/874/1824 1750/873/1823 1724/872/1797
f 1724/872/1797 1750/873/1823 1749/876/1822 1723/875/1796
f 1728/864/1801 1754/865/1827 1748/878/1821 1722/877/1795
f 1718/879/1791 1747/880/1820 1751/874/1824 1725/871/1798
f 1722/877/1795 1748/878/1821 1752/870/1825 1726/867/1799
f 1723/875/1796 1749/876/1822 1753/882/1826 1727/881/1800
f 1753/866/1826 1761/884/1834 1762/883/1835 1754/865/1827
f 1752/870/1825 1760/886/1833 1755/885/1828 1747/869/1820
f 1751/874/1824 1759/888/1832 1758/887/1831 1750/873/1823
f 1749/876/1822 1757/890/1830 1761/889/1834 1753/882/1826
f 1754/865/1827 1762/883/1835 1756/891/1829 1748/878/1821
f 1747/880/1820 1755/892/1828 1759/888/1832 1751/874/1824
f 1748/878/1821 1756/891/1829 1760/886/1833 1752/870/1825
f 1750/873/1823 1758/887/1831 1757/890/1830 1749/876/1822
f 1762/883/1835 1770/894/1843 1764/893/1837 1756/891/1829
f 1755/892/1828 1763/896/1836 1767/895/1840 1759/888/1832
f 1756/891/1829 1764/893/1837 1768/897/1841 1760/886/1833
f 1758/887/1831 1766/899/1839 1765/898/1838 1757/890/1830
f 1761/884/1834 1769/900/1842 1770/894/1843 1762/883/1835
f 1760/886/1833 1768/897/1841 1763/901/1836 1755/885/1828
f 1759/888/1832 1767/895/1840 1766/899/1839 1758/887/1831
f 1757/890/1830 1765/898/1838 1769/902/1842 1761/889/1834
f 1721/824/1794 1771/903/1844 1718/826/1791
f 1719/830/1792 1718/826/1791 1771/903/1844
f 1771/903/1844 1800/904/1873 1719/830/1792
f 1800/904/1873 1795/918/1868 1772/917/1845 1719/830/1792
f 1812/824/1885 1816/825/1889 1810/826/1883
f 1815/827/1888 1816/828/1889 1812/829/1885
f 1811/830/1884 1810/826/1883 1817/831/1890
f 1813/832/1886 1811/833/1884 1817/834/1890
f 1812/829/1885 1820/835/1893 1815/827/1888
f 1720/836/1793 1872/837/1945 1859/838/1932 1811/833/1884 1821/839/1894 1731/840/1804
f 1813/832/1886 1821/839/1894 1811/833/1884
f 1819/841/1892 1821/839/1894 1813/832/1886
f 1814/842/1887 1815/827/1888 1820/835/1893
f 1821/839/1894 1819/841/1892 1823/843/1896 1825/844/1898
f 1731/840/1804 1821/839/1894 1825/844/1898 1736/845/1809
f 1814/842/1887 1820/835/1893 1824/846/1897 1822/847/1895
f 1814/842/1887 1822/847/1895 1818/848/1891
f 1819/849/1892 1818/848/1891 1823/850/1896
f 1822/847/1895 1823/850/1896 1818/848/1891
f 1825/844/1898 1823/843/1896 1827/851/1900 1829/852/1902
f 1822/847/1895 1824/846/1897 1828/853/1901 1826/854/1899
f 1823/850/1896 1822/847/1895 1826/854/1899 1827/855/1900
f 1736/845/1809 1825/844/1898 1829/852/1902 1741/856/1814
f 1827/855/1900 1826/854/1899 1830/857/1903 1831/858/1904
f 1829/852/1902 1827/851/1900 1831/859/1904 1833/860/1906
f 1826/854/1899 1828/853/1901 1832/861/1905 1830/857/1903
f 1741/856/1814 1829/852/1902 1833/860/1906 1746/862/1819
f 1818/863/1891 1819/864/1892 1841/865/1914 1840/866/1913
f 1817/867/1890 1810/868/1883 1834/869/1907 1839/870/1912
f 1816/871/1889 1815/872/1888 1837/873/1910 1838/874/1911
f 1815/872/1888 1814/875/1887 1836/876/1909 1837/873/1910
f 1819/864/1892 1813/877/1886 1835/878/1908 1841/865/1914
f 1810/879/1883 1816/871/1889 1838/874/1911 1834/880/1907
f 1813/877/1886 1817/867/1890 1839/870/1912 1835/878/1908
f 1814/875/1887 1818/881/1891 1840/882/1913 1836/876/1909
f 1840/866/1913 1841/865/1914 1849/883/1922 1848/884/1921
f 1839/870/1912 1834/869/1907 1842/885/1915 1847/886/1920
f 1838/874/1911 1837/873/1910 1845/887/1918 1846/888/1919
f 1836/876/1909 1840/882/1913 1848/889/1921 1844/890/1917
f 1841/865/1914 1835/878/1908 1843/891/1916 1849/883/1922
f 1834/880/1907 1838/874/1911 1846/888/1919 1842/892/1915
f 1835/878/1908 1839/870/1912 1847/886/1920 1843/891/1916
f 1837/873/1910 1836/876/1909 1844/890/1917 1845/887/1918
f 1849/883/1922 1843/891/1916 1851/893/1924 1857/894/1930
f 1842/892/1915 1846/888/1919 1854/895/1927 1850/896/1923
f 1843/891/1916 1847/886/1920 1855/897/1928 1851/893/1924
f 1845/887/1918 1844/890/1917 1852/898/1925 1853/899/1926
f 1848/884/1921 1849/883/1922 1857/894/1930 1856/900/1929
f 1847/886/1920 1842/885/1915 1850/901/1923 1855/897/1928
f 1846/888/1919 1845/887/1918 1853/899/1926 1854/895/1927
f 1844/890/1917 1848/889/1921 1856/902/1929 1852/898/1925
f 1812/824/1885 1810/826/1883 1858/903/1931
f 1811/830/1884 1858/903/1931 1810/826/1883
f 1858/903/1931 1811/830/1884 1884/904/1957
f 1884/904/1957 1811/830/1884 1859/917/1932 1879/918/1952
f 1554/835/1627 1546/829/1619 1721/829/1794 1729/835/1802
f 1559/846/1632 1554/835/1627 1729/835/1802 1734/846/1807
f 1564/853/1637 1559/846/1632 1734/846/1807 1739/853/1812
f 1569/861/1642 1564/853/1637 1739/853/1812 1744/861/1817
f 1590/898/1663 1594/902/1667 1769/902/1842 1765/898/1838
f 1591/899/1664 1590/898/1663 1765/898/1838 1766/899/1839
f 1592/895/1665 1591/899/1664 1766/899/1839 1767/895/1840
f 1589/893/1662 1593/897/1666 1768/897/1841 1764/893/1837
f 1593/897/1666 1588/901/1661 1763/901/1836 1768/897/1841
f 1588/896/1661 1592/895/1665 1767/895/1840 1763/896/1836
f 1594/900/1667 1595/894/1668 1770/894/1843 1769/900/1842
f 1595/894/1668 1589/893/1662 1764/893/1837 1770/894/1843
f 1637/829/1710 1645/835/1718 1820/835/1893 1812/829/1885
f 1645/835/1718 1649/846/1722 1824/846/1897 1820/835/1893
f 1649/846/1722 1653/853/1726 1828/853/1901 1824/846/1897
f 1653/853/1726 1657/861/1730 1832/861/1905 1828/853/1901
f 1681/902/1754 1677/898/1750 1852/898/1925 1856/902/1929
f 1677/898/1750 1678/899/1751 1853/899/1926 1852/898/1925
f 1678/899/1751 1679/895/1752 1854/895/1927 1853/899/1926
f 1680/897/1753 1676/893/1749 1851/893/1924 1855/897/1928
f 1675/901/1748 1680/897/1753 1855/897/1928 1850/901/1923
f 1679/895/1752 1675/896/1748 1850/896/1923 1854/895/1927
f 1682/894/1755 1681/900/1754 1856/900/1929 1857/894/1930
f 1676/893/1749 1682/894/1755 1857/894/1930 1851/893/1924
usemtl jacket_fluff
f 1597/905/1670 1612/905/1685 1615/905/1688
f 1600/906/1673 1623/907/1696 1624/908/1697
f 1596/906/1669 1600/906/1673 1627/906/1700 1546/906/1619
f 1604/905/1677 1611/905/1684 1609/905/1682
f 1599/905/1672 1616/905/1689 1604/905/1677
f 1599/905/1672 1621/909/1694 1618/910/1691 1603/905/1676
f 1597/905/1670 1619/911/1692 1620/912/1693
f 1601/913/1674 1623/907/1696 1596/906/1669
f 1600/906/1673 1622/906/1695 1628/906/1701 1627/906/1700
f 1598/905/1671 1602/905/1675 1614/905/1687 1613/905/1686
f 1603/905/1676 1618/910/1691 1619/911/1692 1597/905/1670
f 1603/905/1676 1597/905/1670 1615/905/1688 1616/905/1689
f 1605/914/1678 1607/905/1680 1610/914/1683
f 1599/905/1672 1609/905/1682 1607/905/1680
f 1600/906/1673 1624/908/1697 1608/906/1681
f 1609/905/1682 1599/905/1672 1604/905/1677
f 1602/905/1675 1612/905/1685 1614/905/1687
f 1611/905/1684 1602/905/1675 1598/905/1671
f 1609/905/1682 1611/905/1684 1598/905/1671 1606/905/1679
f 1614/905/1687 1612/905/1685 1545/905/1618
f 1613/905/1686 1614/905/1687 1545/905/1618
f 1615/905/1688 1612/905/1685 1602/905/1675
f 1616/905/1689 1615/905/1688 1602/905/1675
f 1616/905/1689 1599/905/1672 1603/905/1676
f 1604/905/1677 1616/905/1689 1602/905/1675 1611/905/1684
f 1607/905/1680 1605/914/1678 1617/915/1690 1599/905/1672
f 1618/910/1691 1621/909/1694 1601/913/1674
f 1619/911/1692 1618/910/1691 1601/913/1674
f 1617/915/1690 1621/909/1694 1599/905/1672
f 1620/912/1693 1619/911/1692 1601/913/1674 1625/916/1698
f 1600/906/1673 1626/906/1699 1622/906/1695
f 1596/906/1669 1623/907/1696 1600/906/1673
f 1608/906/1681 1624/908/1697 1605/914/1678 1610/914/1683
f 1624/908/1697 1623/907/1696 1601/913/1674
f 1625/916/1698 1601/913/1674 1596/906/1669
f 1626/906/1699 1600/906/1673 1608/906/1681
f 1627/906/1700 1628/906/1701 1546/906/1619
f 1622/906/1695 1626/906/1699 1629/906/1702
f 1626/906/1699 1608/906/1681 1629/906/1702
f 1605/914/1678 1601/913/1674 1621/909/1694 1617/915/1690
f 1601/913/1674 1605/914/1678 1624/908/1697
f 1568/906/1641 1567/906/1640 1630/906/1703 1631/906/1704
f 1570/905/1643 1568/906/1641 1631/906/1704 1633/905/1706
f 1567/906/1640 1569/906/1642 1632/906/1705 1630/906/1703
f 1571/905/1644 1570/905/1643 1633/905/1706 1634/905/1707
f 1684/905/1757 1699/905/1772 1697/905/1770
f 1686/906/1759 1708/908/1781 1707/907/1780
f 1683/906/1756 1637/906/1710 1711/906/1784 1686/906/1759
f 1690/905/1763 1694/905/1767 1696/905/1769
f 1685/905/1758 1690/905/1763 1700/905/1773
f 1685/905/1758 1689/905/1762 1702/910/1775 1705/909/1778
f 1684/905/1757 1704/912/1777 1703/911/1776
f 1687/913/1760 1683/906/1756 1707/907/1780
f 1686/906/1759 1711/906/1784 1712/906/1785 1706/906/1779
f 1598/905/1671 1613/905/1686 1698/905/1771 1688/905/1761
f 1689/905/1762 1684/905/1757 1703/911/1776 1702/910/1775
f 1689/905/1762 1700/905/1773 1699/905/1772 1684/905/1757
f 1691/914/1764 1695/914/1768 1692/905/1765
f 1685/905/1758 1692/905/1765 1694/905/1767
f 1686/906/1759 1693/906/1766 1708/908/1781
f 1694/905/1767 1690/905/1763 1685/905/1758
f 1688/905/1761 1698/905/1771 1697/905/1770
f 1696/905/1769 1598/905/1671 1688/905/1761
f 1694/905/1767 1606/905/1679 1598/905/1671 1696/905/1769
f 1698/905/1771 1545/905/1618 1697/905/1770
f 1613/905/1686 1545/905/1618 1698/905/1771
f 1699/905/1772 1688/905/1761 1697/905/1770
f 1700/905/1773 1688/905/1761 1699/905/1772
f 1700/905/1773 1689/905/1762 1685/905/1758
f 1690/905/1763 1696/905/1769 1688/905/1761 1700/905/1773
f 1692/905/1765 1685/905/1758 1701/915/1774 1691/914/1764
f 1702/910/1775 1687/913/1760 1705/909/1778
f 1703/911/1776 1687/913/1760 1702/910/1775
f 1701/915/1774 1685/905/1758 1705/909/1778
f 1704/912/1777 1709/916/1782 1687/913/1760 1703/911/1776
f 1686/906/1759 1706/906/1779 1710/906/1783
f 1683/906/1756 1686/906/1759 1707/907/1780
f 1693/906/1766 1695/914/1768 1691/914/1764 1708/908/1781
f 1708/908/1781 1687/913/1760 1707/907/1780
f 1709/916/1782 1683/906/1756 1687/913/1760
f 1710/906/1783 1693/906/1766 1686/906/1759
f 1711/906/1784 1637/906/1710 1712/906/1785
f 1706/906/1779 1713/906/1786 1710/906/1783
f 1710/906/1783 1713/906/1786 1693/906/1766
f 1691/914/1764 1701/915/1774 1705/909/1778 1687/913/1760
f 1687/913/1760 1708/908/1781 1691/914/1764
f 1656/906/1729 1715/906/1788 1714/906/1787 1655/906/1728
f 1658/905/1731 1717/905/1790 1715/906/1788 1656/906/1729
f 1655/906/1728 1714/906/1787 1716/906/1789 1657/906/1730
f 1571/905/1644 1634/905/1707 1717/905/1790 1658/905/1731
f 1772/905/1845 1790/905/1863 1787/905/1860
f 1775/906/1848 1799/908/1872 1798/907/1871
f 1771/906/1844 1721/906/1794 1802/906/1875 1775/906/1848
f 1779/905/1852 1784/905/1857 1786/905/1859
f 1774/905/1847 1779/905/1852 1791/905/1864
f 1774/905/1847 1778/905/1851 1793/910/1866 1796/909/1869
f 1772/905/1845 1795/912/1868 1794/911/1867
f 1776/913/1849 1771/906/1844 1798/907/1871
f 1775/906/1848 1802/906/1875 1803/906/1876 1797/906/1870
f 1773/905/1846 1788/905/1861 1789/905/1862 1777/905/1850
f 1778/905/1851 1772/905/1845 1794/911/1867 1793/910/1866
f 1778/905/1851 1791/905/1864 1790/905/1863 1772/905/1845
f 1780/914/1853 1785/914/1858 1782/905/1855
f 1774/905/1847 1782/905/1855 1784/905/1857
f 1775/906/1848 1783/906/1856 1799/908/1872
f 1784/905/1857 1779/905/1852 1774/905/1847
f 1777/905/1850 1789/905/1862 1787/905/1860
f 1786/905/1859 1773/905/1846 1777/905/1850
f 1784/905/1857 1781/905/1854 1773/905/1846 1786/905/1859
f 1789/905/1862 1720/905/1793 1787/905/1860
f 1788/905/1861 1720/905/1793 1789/905/1862
f 1790/905/1863 1777/905/1850 1787/905/1860
f 1791/905/1864 1777/905/1850 1790/905/1863
f 1791/905/1864 1778/905/1851 1774/905/1847
f 1779/905/1852 1786/905/1859 1777/905/1850 1791/905/1864
f 1782/905/1855 1774/905/1847 1792/915/1865 1780/914/1853
f 1793/910/1866 1776/913/1849 1796/909/1869
f 1794/911/1867 1776/913/1849 1793/910/1866
f 1792/915/1865 1774/905/1847 1796/909/1869
f 1795/912/1868 1800/916/1873 1776/913/1849 1794/911/1867
f 1775/906/1848 1797/906/1870 1801/906/1874
f 1771/906/1844 1775/906/1848 1798/907/1871
f 1783/906/1856 1785/914/1858 1780/914/1853 1799/908/1872
f 1799/908/1872 1776/913/1849 1798/907/1871
f 1800/916/1873 1771/906/1844 1776/913/1849
f 1801/906/1874 1783/906/1856 1775/906/1848
f 1802/906/1875 1721/906/1794 1803/906/1876
f 1797/906/1870 1804/906/1877 1801/906/1874
f 1801/906/1874 1804/906/1877 1783/906/1856
f 1780/914/1853 1792/915/1865 1796/909/1869 1776/913/1849
f 1776/913/1849 1799/908/1872 1780/914/1853
f 1743/906/1816 1806/906/1879 1805/906/1878 1742/906/1815
f 1745/905/1818 1808/905/1881 1806/906/1879 1743/906/1816
f 1742/906/1815 1805/906/1878 1807/906/1880 1744/906/1817
f 1746/905/1819 1809/905/1882 1808/905/1881 1745/905/1818
f 1859/905/1932 1872/905/1945 1874/905/1947
f 1861/906/1934 1882/907/1955 1883/908/1956
f 1858/906/1931 1861/906/1934 1886/906/1959 1812/906/1885
f 1865/905/1938 1871/905/1944 1869/905/1942
f 1860/905/1933 1875/905/1948 1865/905/1938
f 1860/905/1933 1880/909/1953 1877/910/1950 1864/905/1937
f 1859/905/1932 1878/911/1951 1879/912/1952
f 1862/913/1935 1882/907/1955 1858/906/1931
f 1861/906/1934 1881/906/1954 1887/906/1960 1886/906/1959
f 1773/905/1846 1863/905/1936 1873/905/1946 1788/905/1861
f 1864/905/1937 1877/910/1950 1878/911/1951 1859/905/1932
f 1864/905/1937 1859/905/1932 1874/905/1947 1875/905/1948
f 1866/914/1939 1867/905/1940 1870/914/1943
f 1860/905/1933 1869/905/1942 1867/905/1940
f 1861/906/1934 1883/908/1956 1868/906/1941
f 1869/905/1942 1860/905/1933 1865/905/1938
f 1863/905/1936 1872/905/1945 1873/905/1946
f 1871/905/1944 1863/905/1936 1773/905/1846
f 1869/905/1942 1871/905/1944 1773/905/1846 1781/905/1854
f 1873/905/1946 1872/905/1945 1720/905/1793
f 1788/905/1861 1873/905/1946 1720/905/1793
f 1874/905/1947 1872/905/1945 1863/905/1936
f 1875/905/1948 1874/905/1947 1863/905/1936
f 1875/905/1948 1860/905/1933 1864/905/1937
f 1865/905/1938 1875/905/1948 1863/905/1936 1871/905/1944
f 1867/905/1940 1866/914/1939 1876/915/1949 1860/905/1933
f 1877/910/1950 1880/909/1953 1862/913/1935
f 1878/911/1951 1877/910/1950 1862/913/1935
f 1876/915/1949 1880/909/1953 1860/905/1933
f 1879/912/1952 1878/911/1951 1862/913/1935 1884/916/1957
f 1861/906/1934 1885/906/1958 1881/906/1954
f 1858/906/1931 1882/907/1955 1861/906/1934
f 1868/906/1941 1883/908/1956 1866/914/1939 1870/914/1943
f 1883/908/1956 1882/907/1955 1862/913/1935
f 1884/916/1957 1862/913/1935 1858/906/1931
f 1885/906/1958 1861/906/1934 1868/906/1941
f 1886/906/1959 1887/906/1960 1812/906/1885
f 1881/906/1954 1885/906/1958 1888/906/1961
f 1885/906/1958 1868/906/1941 1888/906/1961
f 1866/914/1939 1862/913/1935 1880/909/1953 1876/915/1949
f 1862/913/1935 1866/914/1939 1883/908/1956
f 1831/906/1904 1830/906/1903 1889/906/1962 1890/906/1963
f 1833/905/1906 1831/906/1904 1890/906/1963 1892/905/1965
f 1830/906/1903 1832/906/1905 1891/906/1964 1889/906/1962
f 1746/905/1819 1833/905/1906 1892/905/1965 1809/905/1882
f 1609/905/1682 1606/905/1679 1781/905/1854 1784/905/1857
f 1608/906/1681 1610/914/1683 1785/914/1858 1783/906/1856
f 1607/905/1680 1609/905/1682 1784/905/1857 1782/905/1855
f 1610/914/1683 1607/905/1680 1782/905/1855 1785/914/1858
f 1628/906/1701 1622/906/1695 1797/906/1870 1803/906/1876
f 1546/906/1619 1628/906/1701 1803/906/1876 1721/906/1794
f 1622/906/1695 1629/906/1702 1804/906/1877 1797/906/1870
f 1629/906/1702 1608/906/1681 1783/906/1856 1804/906/1877
f 1634/905/1707 1633/905/1706 1808/905/1881 1809/905/1882
f 1633/905/1706 1631/906/1704 1806/906/1879 1808/905/1881
f 1630/906/1703 1632/906/1705 1807/906/1880 1805/906/1878
f 1631/906/1704 1630/906/1703 1805/906/1878 1806/906/1879
f 1632/906/1705 1569/906/1642 1744/906/1817 1807/906/1880
f 1606/905/1679 1694/905/1767 1869/905/1942 1781/905/1854
f 1695/914/1768 1693/906/1766 1868/906/1941 1870/914/1943
f 1694/905/1767 1692/905/1765 1867/905/1940 1869/905/1942
f 1692/905/1765 1695/914/1768 1870/914/1943 1867/905/1940
f 1706/906/1779 1712/906/1785 1887/906/1960 1881/906/1954
f 1712/906/1785 1637/906/1710 1812/906/1885 1887/906/1960
f 1713/906/1786 1706/906/1779 1881/906/1954 1888/906/1961
f 1693/906/1766 1713/906/1786 1888/906/1961 1868/906/1941
f 1717/905/1790 1634/905/1707 1809/905/1882 1892/905/1965
f 1715/906/1788 1717/905/1790 1892/905/1965 1890/906/1963
f 1716/906/1789 1714/906/1787 1889/906/1962 1891/906/1964
f 1714/906/1787 1715/906/1788 1890/906/1963 1889/906/1962
f 1657/906/1730 1716/906/1789 1891/906/1964 1832/906/1905
o skirt
v 1.332072 11.858470 -1.521437
v 1.332072 11.871052 -2.024931
v 0.681596 11.718996 -1.075513
v -0.000000 11.624182 -0.840838
v 0.676028 11.847817 -2.428379
v 0.000000 11.847819 -2.613784
v 2.182621 10.002856 -1.602659
v 2.219380 10.027432 -2.608702
v 1.056226 9.730400 -0.729358
v -0.000000 9.503819 -0.529417
v 1.339873 9.955712 -3.361707
v -0.000000 9.940008 -3.617839
v 0.916960 10.848180 -0.817910
v 0.000000 10.685479 -0.651177
v 0.909305 11.069221 -3.139396
v -0.000000 11.069214 -3.457557
v 1.811289 11.109095 -2.447082
v 1.811289 11.087505 -1.583099
v 2.492680 8.682105 -1.593104
v 2.535062 8.697968 -2.621308
v 1.193961 8.874155 -0.700572
v -0.000000 8.727852 -0.491031
v 1.521003 8.768166 -3.390902
v 0.000000 8.554577 -3.652673
v -1.332072 11.858470 -1.521437
v -1.332072 11.871052 -2.024931
v -0.681596 11.718996 -1.075513
v -0.676028 11.847817 -2.428379
v -2.182621 10.002856 -1.602659
v -2.219380 10.027432 -2.608702
v -1.056226 9.730400 -0.729358
v -1.339874 9.955712 -3.361707
v -0.916961 10.848180 -0.817910
v -0.909305 11.069221 -3.139396
v -1.811289 11.109095 -2.447083
v -1.811289 11.087505 -1.583099
v -2.492680 8.682105 -1.593104
v -2.535062 8.697969 -2.621308
v -1.193961 8.874155 -0.700572
v -1.521003 8.768165 -3.390901
vn 0.7447 0.4587 0.4848
vn 0.7040 0.6382 -0.3115
vn 0.3755 0.2985 0.8774
vn -0.0000 0.2643 0.9644
vn 0.3217 0.6837 -0.6551
vn -0.0000 0.7228 -0.6910
vn 0.8596 0.2399 0.4511
vn 0.8650 0.2870 -0.4115
vn 0.3843 0.1154 0.9159
vn -0.0000 0.0751 0.9972
vn 0.4220 0.1871 -0.8871
vn -0.0000 0.1241 -0.9923
vn 0.3867 0.2140 0.8970
vn -0.0000 0.1727 0.9850
vn 0.3647 0.4842 -0.7954
vn -0.0000 0.4641 -0.8858
vn 0.7680 0.5047 -0.3943
vn 0.8213 0.3760 0.4291
vn 0.8817 0.2064 0.4242
vn 0.9049 0.2079 -0.3714
vn 0.4019 0.0999 0.9102
vn -0.0000 0.0556 0.9985
vn 0.4229 0.0915 -0.9015
vn -0.0000 0.0374 -0.9993
vn -0.7447 0.4587 0.4848
vn -0.7040 0.6382 -0.3115
vn -0.3755 0.2985 0.8774
vn -0.3217 0.6837 -0.6551
vn -0.8596 0.2399 0.4511
vn -0.8650 0.2870 -0.4115
vn -0.3843 0.1154 0.9159
vn -0.4220 0.1871 -0.8871
vn -0.3867 0.2140 0.8970
vn -0.3647 0.4842 -0.7954
vn -0.7680 0.5047 -0.3943
vn -0.8213 0.3760 0.4291
vn -0.8817 0.2064 0.4242
vn -0.9049 0.2079 -0.3714
vn -0.4019 0.0999 0.9102
vn -0.4229 0.0915 -0.9015
vt 0.000000 0.000000
vt 1.000000 0.000000
s 1
usemtl skirt_
f 1895/919/1968 1896/919/1969 1906/919/1979 1905/919/1978
f 1893/919/1966 1895/919/1968 1905/919/1978 1910/919/1983
f 1903/920/1976 1904/920/1977 1908/920/1981 1907/920/1980
f 1897/920/1970 1894/919/1967 1909/919/1982 1907/920/1980
f 1907/920/1980 1909/919/1982 1900/919/1973 1903/920/1976
f 1901/919/1974 1899/919/1972 1910/919/1983 1905/919/1978
f 1899/919/1972 1900/919/1973 1909/919/1982 1910/919/1983
f 1894/919/1967 1893/919/1966 1910/919/1983 1909/919/1982
f 1898/920/1971 1897/920/1970 1907/920/1980 1908/920/1981
f 1902/919/1975 1901/919/1974 1905/919/1978 1906/919/1979
f 1899/919/1972 1901/919/1974 1913/919/1986 1911/919/1984
f 1904/920/1977 1903/920/1976 1915/920/1988 1916/920/1989
f 1900/919/1973 1899/919/1972 1911/919/1984 1912/919/1985
f 1903/920/1976 1900/919/1973 1912/919/1985 1915/920/1988
f 1901/919/1974 1902/919/1975 1914/919/1987 1913/919/1986
f 1919/919/1992 1925/919/1998 1906/919/1979 1896/919/1969
f 1917/919/1990 1928/919/2001 1925/919/1998 1919/919/1992
f 1924/920/1997 1926/920/1999 1908/920/1981 1904/920/1977
f 1920/920/1993 1926/920/1999 1927/919/2000 1918/919/1991
f 1926/920/1999 1924/920/1997 1922/919/1995 1927/919/2000
f 1923/919/1996 1925/919/1998 1928/919/2001 1921/919/1994
f 1921/919/1994 1928/919/2001 1927/919/2000 1922/919/1995
f 1918/919/1991 1927/919/2000 1928/919/2001 1917/919/1990
f 1898/920/1971 1908/920/1981 1926/920/1999 1920/920/1993
f 1902/919/1975 1906/919/1979 1925/919/1998 1923/919/1996
f 1921/919/1994 1929/919/2002 1931/919/2004 1923/919/1996
f 1904/920/1977 1916/920/1989 1932/920/2005 1924/920/1997
f 1922/919/1995 1930/919/2003 1929/919/2002 1921/919/1994
f 1924/920/1997 1932/920/2005 1930/919/2003 1922/919/1995
f 1923/919/1996 1931/919/2004 1914/919/1987 1902/919/1975
o collar_ring
v 0.252824 15.767341 -0.791531
v 0.209276 15.779943 -0.749847
v 0.165728 15.767341 -0.791531
v 0.209276 15.754737 -0.833216
v 0.189050 15.914716 -0.836089
v 0.158257 15.897843 -0.785493
v 0.127464 15.855765 -0.818266
v 0.158257 15.872639 -0.868862
v 0.035086 15.975760 -0.854545
v 0.035086 15.946679 -0.800258
v 0.035086 15.892392 -0.829340
v 0.035086 15.921474 -0.883626
v -0.118879 15.914716 -0.836089
v -0.088086 15.897843 -0.785493
v -0.057293 15.855765 -0.818266
v -0.088086 15.872639 -0.868862
v -0.182653 15.767341 -0.791531
v -0.139105 15.779943 -0.749847
v -0.095557 15.767341 -0.791531
v -0.139105 15.754737 -0.833216
v -0.118879 15.619965 -0.746974
v -0.088086 15.662043 -0.714201
v -0.057293 15.678914 -0.764797
v -0.088086 15.636836 -0.797570
v 0.035086 15.558919 -0.728518
v 0.035086 15.613206 -0.699436
v 0.035086 15.642287 -0.753724
v 0.035086 15.588000 -0.782805
v 0.189050 15.619965 -0.746974
v 0.158257 15.662043 -0.714201
v 0.127464 15.678914 -0.764797
v 0.158257 15.636836 -0.797570
vn 1.0000 -0.0000 -0.0000
vn 0.1719 0.2851 0.9430
vn -1.0000 -0.0000 -0.0000
vn 0.1719 -0.2851 -0.9430
vn 0.7071 0.6768 -0.2046
vn 0.1215 0.4014 0.9078
vn -0.7071 -0.6768 0.2046
vn 0.1215 -0.1688 -0.9781
vn -0.0000 0.9572 -0.2894
vn -0.0000 0.4496 0.8932
vn -0.0000 -0.9572 0.2894
vn -0.0000 -0.1206 -0.9927
vn -0.7071 0.6768 -0.2046
vn -0.1215 0.4014 0.9078
vn 0.7071 -0.6768 0.2046
vn -0.1215 -0.1688 -0.9781
vn -0.1719 0.2851 0.9430
vn -0.1719 -0.2851 -0.9430
vn -0.1215 0.1688 0.9781
vn -0.1215 -0.4014 -0.9078
vn -0.0000 0.1206 0.9927
vn -0.0000 -0.4496 -0.8932
vn 0.1215 0.1688 0.9781
vn 0.1215 -0.4014 -0.9078
vt 0.500000 0.500000
vt 0.625000 0.500000
vt 0.625000 0.750000
vt 0.500000 0.750000
vt 0.625000 1.000000
vt 0.500000 1.000000
vt 0.500000 0.000000
vt 0.625000 0.000000
vt 0.625000 0.250000
vt 0.500000 0.250000
vt 0.750000 0.500000
vt 0.750000 0.750000
vt 0.750000 1.000000
vt 0.750000 0.000000
vt 0.750000 0.250000
vt 0.875000 0.500000
vt 0.875000 0.750000
vt 0.875000 1.000000
vt 0.875000 0.000000
vt 0.875000 0.250000
vt 1.000000 0.500000
vt 1.000000 0.750000
vt 1.000000 1.000000
vt 1.000000 0.000000
vt 1.000000 0.250000
vt 0.000000 0.500000
vt 0.125000 0.500000
vt 0.125000 0.750000
vt 0.000000 0.750000
vt 0.125000 1.000000
vt 0.000000 1.000000
vt 0.000000 0.000000
vt 0.125000 0.000000
vt 0.125000 0.250000
vt 0.000000 0.250000
vt 0.250000 0.500000
vt 0.250000 0.750000
vt 0.250000 1.000000
vt 0.250000 0.000000
vt 0.250000 0.250000
vt 0.375000 0.500000
vt 0.375000 0.750000
vt 0.375000 1.000000
vt 0.375000 0.000000
vt 0.375000 0.250000
s 1
usemtl collar_metal
f 1933/921/2006 1937/922/2010 1938/923/2011 1934/924/2007
f 1934/924/2007 1938/923/2011 1939/925/2012 1935/926/2008
f 1935/927/2008 1939/928/2012 1940/929/2013 1936/930/2009
f 1936/930/2009 1940/929/2013 1937/922/2010 1933/921/2006
f 1937/922/2010 1941/931/2014 1942/932/2015 1938/923/2011
f 1938/923/2011 1942/932/2015 1943/933/2016 1939/925/2012
f 1939/928/2012 1943/934/2016 1944/935/2017 1940/929/2013
f 1940/929/2013 1944/935/2017 1941/931/2014 1937/922/2010
f 1941/931/2014 1945/936/2018 1946/937/2019 1942/932/2015
f 1942/932/2015 1946/937/2019 1947/938/2020 1943/933/2016
f 1943/934/2016 1947/939/2020 1948/940/2021 1944/935/2017
f 1944/935/2017 1948/940/2021 1945/936/2018 1941/931/2014
f 1945/936/2018 1949/941/2008 1950/942/2022 1946/937/2019
f 1946/937/2019 1950/942/2022 1951/943/2006 1947/938/2020
f 1947/939/2020 1951/944/2006 1952/945/2023 1948/940/2021
f 1948/940/2021 1952/945/2023 1949/941/2008 1945/936/2018
f 1949/946/2008 1953/947/2012 1954/948/2024 1950/949/2022
f 1950/949/2022 1954/948/2024 1955/950/2010 1951/951/2006
f 1951/952/2006 1955/953/2010 1956/954/2025 1952/955/2023
f 1952/955/2023 1956/954/2025 1953/947/2012 1949/946/2008
f 1953/947/2012 1957/956/2016 1958/957/2026 1954/948/2024
f 1954/948/2024 1958/957/2026 1959/958/2014 1955/950/2010
f 1955/953/2010 1959/959/2014 1960/960/2027 1956/954/2025
f 1956/954/2025 1960/960/2027 1957/956/2016 1953/947/2012
f 1957/956/2016 1961/961/2020 1962/962/2028 1958/957/2026
f 1958/957/2026 1962/962/2028 1963/963/2018 1959/958/2014
f 1959/959/2014 1963/964/2018 1964/965/2029 1960/960/2027
f 1960/960/2027 1964/965/2029 1961/961/2020 1957/956/2016
f 1961/961/2020 1933/921/2006 1934/924/2007 1962/962/2028
f 1962/962/2028 1934/924/2007 1935/926/2008 1963/963/2018
f 1963/964/2018 1935/927/2008 1936/930/2009 1964/965/2029
f 1964/965/2029 1936/930/2009 1933/921/2006 1961/961/2020
o eyes
v 0.292893 17.106609 0.656475
v 1.862415 17.106607 -0.583122
v 0.110630 19.084871 0.425701
v 1.680153 19.084871 -0.813895
v -0.292893 17.106607 0.656474
v -1.862416 17.106607 -0.583121
v -0.110630 19.084869 0.425701
v -1.680153 19.084869 -0.813895
vn 0.6131 0.1470 0.7762
vn -0.6131 0.1470 0.7762
vt 0.000998 0.000998
vt 0.999002 0.000998
vt 0.999002 0.999002
vt 0.000998 0.999002
s 0
usemtl eyes
f 1965/966/2030 1966/967/2030 1968/968/2030 1967/969/2030
f 1969/966/2031 1971/969/2031 1972/968/2031 1970/967/2031
